415.8477281902636
366.403944642032
438.0900644464304
466.23289057099294
796.4114312146066
583.8045654320595
546.7316879931648
450.30898593894574
344.67283786176546
434.06990356315134
423.70134404223677
426.14777578848657
480.19540535972334
686.102407223867
444.1801121991285
491.33915531230014
472.77369832604575
484.3595783918005
348.1659242015745
337.3110159622906
246.17312460995194
324.5576435241343
537.2783587139991
406.4995893189881
561.8151205263832
577.5293070743071
380.4913715600153
292.44400439824193
468.3327168268016
324.33332465824105
331.7275656735942
433.21596470933787
421.93545950942644
445.8443253622585
417.6133892444987
269.90602926677565
278.93446458863497
573.7588915424177
507.1932627139529
454.76523506967203
575.7527819483702
436.19293190377516
231.13305862829517
377.4001912757472
481.8334082218338
364.51539666376306
361.7388321467475
375.9561229938778
505.6434535682631
443.07940573924816
612.2815958073404
367.3534477083149
336.74206376024785
356.9977340092477
628.059736696169
690.8918658042933
408.49579823894965
380.9392284388994
377.3356005028571
423.0574888507773
376.294622039165
310.8260240240305
398.83169388523584
494.79068926618027
641.5021408507349
315.1588397861557
455.531977299954
428.82619372868504
290.68106709809985
429.04622400971664
319.8565201188907
418.34927794551
479.97815811060036
302.921551325392
526.9415297617411
298.5350316299196
310.9457041810432
480.94297859672605
234.8142054969925
467.45555502734135
441.3461458810133
369.6010400222624
646.2557798940725
508.132022786535
580.4576959628545
439.0050253818163
375.698775525423
401.4844417344279
532.5067837305701
362.1846822913717
410.33371562565924
205.46657544122365
362.7254289987623
555.643603646438
558.1700929675675
450.2192906713452
421.9908189152692
414.27996822264186
389.346027460156
359.9929466902319
480.73003951223086
332.41895898898474
442.6929165844885
452.53972478252274
419.21490976141354
504.33846806388203
241.39997566040407
552.1064453153112
314.1746700313436
528.9981290728085
320.9175362585748
285.98151092204165
459.06712817081103
391.53538970335006
422.86829822716913
264.1633845834389
441.1352796974866
689.7027320090219
489.39241169178223
477.32092739647334
436.84493730779167
350.07705693779855
435.9687230711845
285.377633011202
316.52232233290044
288.0549793313703
361.04047286219014
367.2582189280189
336.40601314710426
439.9470617894208
446.0601231478501
945.9692158461207
361.84607224598847
317.27194874188245
339.03357584822555
539.767943626438
579.9926803991845
353.41150362165035
291.94013068066437
285.010177970797
487.0250258047875
392.07473928924753
609.6560343698844
333.2044993431204
402.0488116997479
464.210693800552
493.46921580728247
331.8190298695265
328.64666978020455
315.9758583364686
539.146707014069
374.55334019873993
485.8434040858907
291.48863709801225
428.13301143616826
322.5906963634208
452.91500852670066
437.0646067177482
461.68826630572914
584.8545659303315
310.99399428611997
703.7040808062701
340.2381679917986
403.75722955402546
563.6133958325557
336.99157842449654
555.368885280938
326.5758828048376
411.9453114462367
481.7580014100981
252.93572366725783
309.03961015073776
374.71795470586943
363.89128438077
389.5284665886724
416.6536195920316
363.65472703224214
302.1089505592608
196.92151066758214
330.57206878454855
333.0976416144456
423.5446552454643
277.9045096401625
376.8030536014464
275.9162034909663
363.5457558368401
445.5494685250655
430.0522487889994
545.4219057578248
461.7584861029591
362.42826469680386
314.1252503284076
321.4375474223158
413.8662912566929
459.1083969123098
253.73922051557716
461.45747625476326
529.1474200104155
432.9954798721129
307.1242278572781
418.1581920710021
210.46279525307264
266.688367868411
310.390314954257
384.8155359547728
380.81343703892196
245.50019256348548
300.20457177511105
469.0533177732881
384.60251178418616
271.1263235865415
508.5925959439569
353.53174018725116
340.55897725385364
309.88968261293803
296.880691067719
560.1354304804191
263.1291271636724
288.23359140586354
639.3510285559106
132.51989228557764
493.97114059356136
495.69796164286305
826.8574512534236
388.8711705130178
298.2189297815477
384.65091820460816
417.91870933099926
353.73309647508904
234.58963697421416
642.5915520594707
461.23668206952834
331.66147906088287
600.0036296736503
371.1081604575603
310.88260649931635
355.51733381222266
548.5690854739406
491.91850639178915
485.52031786247886
609.3265149919025
297.3345946569857
412.1849413258565
455.3516935152139
270.0161242599727
557.614542936287
470.2422106950658
390.34228412962625
558.9195621910342
319.492307477944
548.3682160286209
332.3608581700872
415.251662609523
338.1583539126987
553.8215340996369
331.3682770251222
496.0661583375317
496.4117088077027
302.51479996214
300.2923614550176
436.23529795709976
696.5491113811743
418.29826200136444
547.6338879873807
604.9664436869368
365.4063278897579
497.2909209898878
221.84818448371354
201.92714186750632
251.52787896173976
451.35765515686484
420.56692126884053
273.90019479413337
430.04279256005157
288.0373644369058
412.6043237349173
399.33234408493496
483.8751050492026
291.4405132832828
286.4306769378481
506.4942619416731
403.6878156600902
522.3359275300966
261.0268725699045
319.05121784939223
257.1948727964454
494.63868234753505
509.80964820826705
387.2060485492126
331.22181396886003
550.9703115486467
521.6753904755917
447.4094589139863
509.1895565147485
490.2742357991823
356.0934455734707
532.2104002238021
415.70375195309515
787.2678113223991
448.3426327561371
201.7862877297333
393.8806400643142
300.5442090838952
588.9782464647047
506.6477021749393
382.30701033283265
303.2384579236707
382.52361281835596
506.50836611703784
397.9595300905564
352.58187454189664
320.90518755560026
323.58746852673073
381.60871908676194
219.82661005042638
450.9264913495593
275.10665181704496
502.780855088999
345.16664083495624
803.3809886858146
460.420822617411
208.2721368149263
352.3482954593567
337.66259664757007
284.916449960866
513.9734595858484
429.4659206763296
495.8997838559551
529.5559911614293
559.4172796167053
309.5357605467203
423.9416296082983
287.5357483507673
524.3471450749084
330.4711770435591
284.156588781863
532.9173602421138
294.27169631467956
548.6742526604288
431.0199967433509
360.6575561308716
387.4334926807651
564.0543052208064
539.8246027193031
314.6808186505716
406.7273663851076
448.13085498626594
560.3204961708728
425.2470142992105
721.5802477356169
374.01547348706225
385.63079134608995
504.34805927127076
450.10879526113985
365.09645639274873
569.5642898432616
315.4115267365005
237.56995971919935
402.9453967150768
431.50825599173123
206.2265949124022
469.6541925224888
306.9963918732165
481.97190077891634
380.7695982625568
314.85875408824376
576.8247021933806
533.2243455348885
389.31622935540497
477.4509117522383
517.8149108305083
305.4743151421973
486.94704178389514
333.73519856716325
233.8199658844356
495.83233266058267
244.02188535291938
402.18807330705357
392.481380781785
348.9862841431112
367.009063988749
274.7963406649282
562.6009394286458
247.2110452083547
435.77470074569743
328.6691659412632
393.0700036408273
216.04624304099303
239.7538500372751
387.6550800327589
377.70732956538666
467.39825684741015
444.5582105671071
236.00305884947434
188.84641008412953
209.22199804393
250.11074175476637
342.9429625221835
232.01863303296614
622.9388614450577
452.6173696457786
224.13912026646074
221.6214978206079
381.68535475805703
535.3784707741166
355.8709344513025
236.39827097349556
354.3831575405067
443.5285102818143
575.5178963485819
337.371766226894
365.9756131765189
465.64329096608424
801.2135118106386
316.0586313455488
317.87608541819793
355.3275601515285
581.4140267516407
480.98006958434564
186.50444095976997
475.7455397876108
480.64387243211854
555.0668003231148
377.4328800323911
298.95077028446195
562.1367823650679
376.7622668893053
376.604958020008
600.4844146951546
238.33652726381706
419.86385093773737
376.5230335732655
260.53554633884136
394.02971651382074
374.06205762127695
417.15315660482355
391.418570422446
489.69700244555634
221.4566678940421
358.7037398271085
526.5409464580258
360.23705226601476
298.3666838976695
538.1588047329285
453.8929968616157
317.06079863307286
512.5846027028023
373.1460235286073
464.85379130497165
457.77500867486225
268.0345387195538
633.5507562101915
520.0088697025287
258.18927965196787
361.9730185537967
338.45341576383214
192.570061105419
421.02481556841934
378.16492514218953
483.55753364612497
526.813586818086
336.28614793223517
331.245710344819
244.0864810879892
624.7147245181451
336.524535513755
372.853850695983
379.8964473624107
620.8291690758143
320.5634067975237
305.2764302272855
306.76581708551413
456.4324802861046
261.2049589010149
348.40626784768193
430.78355781221046
323.1283713850607
397.2378749249792
344.0848103942794
443.16010804171833
499.756628136071
384.431245923903
424.17357044165146
230.12477151337484
417.16184529938744
418.61577994422277
267.9310119583283
424.55145207053346
825.2613540350224
298.1410514923634
503.35717205776564
406.09436589807456
433.32270449629556
277.3980841973239
351.14973465367035
300.9268926726936
242.1326350744197
356.43048202013415
485.62907967591286
490.628462393284
647.465160522979
398.66244012988085
427.9317108562222
371.91810060665216
471.59870236155916
325.52844555133214
361.4001676181075
240.06695050670396
288.52764181371924
679.6186553455309
440.0897094184536
455.7904658702634
517.0893125687007
282.5994832269468
300.7023992718685
309.7335357033373
313.96029780146574
379.68043802354276
302.01780474229025
414.3856633049721
450.10604930719455
218.57639973023197
481.70732418674686
471.1233187079342
396.5783058940592
322.6381326571977
558.6374730828642
364.28352184236076
472.63910371161495
341.2747945942761
464.0806082350785
372.0578890940828
257.3337159696073
551.1070062188742
489.62352848461654
481.9490571897348
283.8992587812918
372.89209354408297
542.4738588232663
376.41572620873467
490.86574603113905
329.0319676090946
501.617128048877
342.99262900256986
461.0923014154556
363.1441832778115
423.32128057975774
433.47484088363666
189.7138491571798
326.2851927839236
631.3777479501106
440.6935246039748
558.3618745434356
557.8862387974021
563.0762480415378
363.40140569049066
284.0086958781877
372.655205697772
239.23059456900708
308.9914299467274
418.3206873498653
536.0142243880827
520.6320401468834
406.3520071203261
389.87552576144253
295.2502210905077
383.2063678835479
383.6599945543692
298.8640536715808
718.9677717045869
640.8544055892161
500.56074365616126
444.97163799892996
177.7187842055064
550.0864144887526
384.645768112861
457.20782639196915
657.4819599642336
438.57866146988243
445.578913542695
489.48871908914475
331.358718457971
356.70608704495913
534.1461157347914
421.69630121321995
428.0543335244784
307.6402280708817
382.7612512530076
344.40017823731586
488.72396483919505
347.8397825144976
468.78492026221977
578.4387651577557
451.1204952927311
605.9640903656596
544.4221931994819
332.132984658595
550.2884650708276
588.385161785143
315.1392441912218
487.9521683532684
217.1558861134573
298.9804053258316
511.30029531465664
339.16188758923033
219.17783342129414
483.51070096579286
569.0717874749345
247.74310087037057
214.22548894862666
268.2084066343996
550.2203468099394
318.2980859866194
318.6440843570583
272.3152726966431
172.22642870681196
650.8241360397466
400.99628930775583
484.1853403556171
363.68332902528607
573.0368379106944
326.13083205614475
277.80011257047494
520.6981771238671
459.70602835127715
279.62241483465715
213.8078505712837
626.9096160355762
281.4047793104503
459.22570561021104
292.60241922321023
650.0864633331992
379.11768944314656
389.10769602721996
844.6420127644069
466.0595228224329
383.56254771471777
392.94360246130645
230.1987344059016
429.758784743523
403.14300185990135
572.9366563557899
340.4248802836211
476.71454521833977
327.64564060770437
554.91650693994
528.8046988309917
292.27921364116423
263.91433370247654
371.2748173913634
335.6921124381004
547.8617985418958
292.3858925360282
504.5796268843376
691.2450574597059
229.11236784675916
424.0969634060659
405.05701875943447
469.53718332453417
204.66835604130586
338.01255875293657
615.8450306959093
538.8688190632972
387.31825483170553
325.58547685823686
525.1100811513987
379.64674400500866
419.0901009207506
549.3157104119736
286.33322083079673
371.5710297771567
296.22128284786197
381.88841780984274
538.0641986454696
234.0909812371186
323.60143600824995
469.3361233041276
465.8863821368054
664.2579453695771
295.39647290183984
503.28198453873733
362.1430663265693
444.21462592493486
398.90870679088255
262.7757362052772
593.0696796254354
379.7087050585683
292.3215525509088
367.4834072423229
714.4560044140159
275.6151628103032
527.4884114109511
386.6134445599245
284.4634157036533
527.1872528616161
262.61677687852807
250.01629842651755
247.0728713056673
490.89952845888683
392.32218155555233
322.73060347981624
376.6823162536011
179.99889564228033
533.797274765667
568.1339081079713
509.15510716185446
618.4775586345058
331.4484472888663
466.3424874132382
442.15077038502864
441.947948763181
447.5503386933011
263.73761217793117
468.1315287422381
234.652522026446
547.4514771503335
292.45855650803253
511.0158214505261
352.24068558212326
305.23920084987674
653.8410998483055
523.2591360595551
608.7342729532528
226.8843331183187
433.26441440931933
332.0477507906749
342.6337419999376
641.0929108135139
456.6515312792694
423.1269647355218
417.26130311416966
439.2751411205414
485.71768749281193
326.9587440529341
329.8927117537005
339.3256926277386
406.9486404393059
548.7601344882289
389.79407379760534
451.3083582166677
206.98035728384207
565.5242478263636
445.28922544894533
535.8157279647564
332.6780843764409
374.6707015393421
375.1924661025111
519.2063245592159
625.8735211322621
607.2171029138203
556.3945984013757
406.16508700755907
519.7856362042274
641.2484093614287
464.98084410575876
309.22860434230455
283.538824818623
378.62569018114334
710.6647532569785
354.72223593200516
307.02188848741184
488.25486961208986
437.75155390403154
458.1588352472032
365.4312772129462
330.60907869166016
306.84582640530334
452.2228490049368
475.3222155765413
442.6502608637931
242.4670415790283
223.76186517114309
550.1551325837336
392.7269027273743
358.6177377907843
458.95969586276055
330.80581990611876
306.5967683854024
432.75487386032427
416.17023649431263
664.8164725155414
353.2277109593695
370.4820686614244
279.2178094285877
348.4954922625978
484.31108419061434
381.0336867001054
471.3376448291614
386.8307684097386
622.7189106825014
379.36303658489504
387.0012543357771
312.37838707848505
438.4123167436743
299.8200126761016
237.65619292173514
301.7987724023955
440.1973621574003
376.14943082013485
766.4124717310756
290.17019526262715
473.22999840219074
307.6163014110024
697.235770294673
246.76307328170552
411.3141998751655
595.3567724474275
412.7709158607916
764.613730335844
288.5588230503472
414.8714894195671
384.9547556950342
457.24644608451865
315.4626602237253
432.09194737901936
496.03102434290827
401.90189964299634
427.6031160930609
553.9599510679575
577.8024104366029
313.9179283320607
368.574405579079
614.2590242315014
493.7824567907213
264.2543014682245
237.69107431545442
440.7138870371528
332.2913288287738
911.9821049093761
338.36699251389234
520.7676359340545
430.58316953679633
302.635738337451
414.80634144300416
487.91447635935964
345.58205152578864
424.24376622123197
228.30328448069622
422.0880403960559
362.3829557218658
376.16989970090304
342.2247037257607
282.8029294507736
381.5589701079498
380.86616077259157
564.1424725410457
724.628987608633
333.0401074160178
477.68246262765365
513.1922661228184
454.0453842767415
321.90988289088233
539.2682101754858
350.922151083173
439.6145687807808
449.43459494660584
328.75523191828125
677.636346705761
385.82370468809086
269.36025658475035
382.0932800736163
401.94952043928276
277.3649768827805
482.1066972657573
205.13851205427875
410.6003195923315
178.69912306516497
450.77063149663775
341.0553375153992
709.6290248994319
319.9314387271837
292.5190389586489
420.33832194439293
441.65687121928005
535.4152554621897
527.8673541585141
566.8777106351927
419.5802308797201
357.8693921471671
323.17916734583844
292.22393252406124
512.7582479238521
364.6443512935505
379.7682295838873
343.3728930933128
544.0855207501825
493.8211128716132
499.11533794627155
450.7053460302847
293.58271240343277
462.5964917973799
298.7071347038374
299.1254594771977
281.6811810113277
217.8749003269841
358.65103468059215
255.62058241439408
435.3645745466304
589.1562342395995
430.80963487855115
325.45112692252667
258.5058378699322
807.6313328226347
296.14341758434614
272.4689103904211
425.3629512752874
719.3083720769938
428.8488732967103
429.1828507979237
565.8700551791939
418.2068563188245
384.9985215795786
455.2196246161593
624.8253860865599
317.1884360645964
407.3023365795578
408.01238922448266
310.34205118683633
283.5995050187506
484.8838714052751
377.1035454537065
448.3992271837966
392.85073788176067
330.14268422434685
430.09897745148345
280.7390680615037
510.60374087855865
368.6521569917707
459.76783157516604
285.75674540039694
340.53385049693463
378.2627554984371
479.3784749678447
437.5956033216402
202.23370871998063
468.6508068144296
308.33699514657394
630.5981459099311
675.2696265716894
221.18150618371692
434.1122526327065
345.86636111887987
291.41198245136025
275.7916988483107
478.07203043241526
485.06769795944984
625.8133866450556
484.85171068657974
299.3847818851099
500.0756813942406
361.4662395379151
503.13114072441346
420.85287713756645
569.6728320836528
559.376588277308
385.66563472674295
335.13641057960666
350.146252356518
432.60679744482746
329.76271734297165
322.19968375765075
475.13819316648863
471.81021573994286
356.3257350853012
481.648536666358
307.2786702649467
724.1126087932956
484.61101658736925
455.293572170778
468.20043741012466
426.26169201956617
308.46796153753604
412.072107144194
574.2957400821724
678.5769999517556
500.63958904328734
340.01394254354426
553.2410037069573
350.67926145349213
433.214902826392
730.7135418506111
427.3465605094249
421.1722952107988
425.2042984714589
440.32365224277976
384.1899874808021
302.53682558472576
242.59461683326583
287.6626755381985
416.627204376384
400.2936652255524
432.9670572328345
684.068829041931
485.3817930498321
483.3129253912591
616.8713286518393
451.4648156350413
521.4980684843489
514.7787059367517
310.9117195568301
302.72904917363195
407.0125339198025
377.89351870209396
732.7370109770256
441.4177711771527
366.2613685864169
418.43467959783845
329.0876886485769
509.34844282110157
295.31066921507005
427.8652619881334
452.900737723731
359.82180725956357
395.3910573186868
345.83384015904755
432.8397128014063
599.3020291768484
355.9860652025984
374.7781442693037
322.9235545157629
489.5850616578876
432.2123203852992
262.91315867462805
310.61391058138474
423.4713544902286
428.61960131213283
298.3163928389152
304.664603657505
337.5825678685644
381.3456536326908
753.1910368064725
270.52575260397214
277.12606460920244
352.1189606030553
436.6616787827665
406.0253373003498
203.59185253076944
441.26753977940376
295.2644340067963
397.4811623790498
338.9606306969559
389.47306519022175
265.01228760598104
582.3678831429928
582.6219300181331
267.8819429411649
529.7987976319575
359.6817447295733
410.0525583350565
497.1481740262608
376.64878635972093
375.2266266772453
280.3191966102458
263.3685605881749
334.26151421989294
248.0697344145624
425.31580791189776
461.5858502308282
197.19150118363083
508.6349332891557
458.5897671026087
540.2596637551591
566.9785539644256
401.1841776785065
297.15830777625047
213.230021666485
493.1076086522404
343.62783375130886
516.6267877781836
397.9493939498729
327.0171723892646
522.243986253064
362.28641114637594
421.787337983785
456.1336014597421
314.4805657664293
347.72558090348315
227.04249294260586
517.8617551319758
643.0216885790098
288.68787952809373
341.00954186502685
610.7754942301611
534.11448983092
308.3636740247782
360.8070741227968
335.7800946776908
499.9288048905598
531.5941123411249
413.13658228613673
578.6045236623994
641.2733712055634
293.3438264748403
271.319074090339
335.962511537865
372.53865585079404
499.43689542381134
243.54513480356394
424.5811724988072
500.65161434253275
343.33347631063634
248.7701835991538
384.9828424803467
578.3250103687282
379.83316531183993
608.4814158829628
245.75782310780954
469.4061568176715
461.2870078503015
575.3312727906587
449.97682318641273
307.17781901961433
309.70936096917666
378.5048043944453
391.29279899188737
388.1403029594381
317.0069812223219
589.3645881869819
210.84560306306588
370.1314203448121
486.27996973224543
334.94441526120585
600.9795762853516
442.60634612177756
428.55980663702616
491.8487944442442
482.1814648249589
486.7665542054275
442.2204999666968
420.6639302873033
406.68314230399704
574.6981532342345
268.5179927112725
513.0335008932984
419.75885545345466
452.0431490212173
700.1237106255064
440.35770941469826
415.5049646801484
629.5971619931084
481.10811041534555
440.78393977929363
390.1148393975891
344.6053572701257
374.8758028453719
315.49240298446495
523.0632622382177
398.14351924688617
473.806022881023
367.19381388064653
276.6995890832851
311.96540304087495
372.41021684192845
385.71569832545885
503.92123533453355
496.7054595328066
468.9037629536958
356.2867733116803
416.41047330961766
465.05609543987873
505.80749784521265
560.371632294368
408.9161584285462
317.15499823128494
379.36651139673586
267.07356029564403
602.2608179798038
311.3769153753584
445.74049651745565
298.18991684327375
695.6162468324228
248.600904348799
303.15611328843966
221.36368945071723
222.67352160640164
429.8087318457868
478.64772558359107
467.8311302670886
307.49359148701063
750.548211805536
231.61535157864057
444.0465625840814
407.2108665790273
264.1853044979994
440.5685670661318
345.3981563855104
486.80459905829747
278.2708742356051
655.0358283307169
228.572139154871
264.0900726742848
530.4791483329716
270.12866991125395
291.00181911783795
442.96017111945065
295.12561181948263
413.46580104417586
378.73686696385903
537.0972911293852
285.8095060185496
774.8568771779687
572.3378305266489
419.38018188980215
451.8007029079836
550.8467326175047
337.7173435800591
546.3767506896894
594.9505230697754
304.30341173934977
482.5003156823821
484.5713668329046
336.3000472007819
342.53741705406
721.2410789273017
207.4516584687318
434.6981918336587
370.597464325855
457.00410815510395
281.3306148942313
291.16774571717195
186.43390311773595
460.12736746434007
521.4291471406196
365.95711371814076
399.563922505132
328.5448100085333
331.13668335070173
298.7407714196841
300.1322784528021
455.72768481534445
270.35299664218996
465.73553732832585
380.4386583648968
255.11482213592163
576.0738345790571
381.923689629273
347.695030533329
257.46465929772774
436.9381474613185
324.2677579982442
392.82113838684734
387.0849658988601
618.1426038826438
435.2877229048439
322.9547811536951
469.220636877057
319.15242960547073
470.5657103058668
403.0909791110032
486.05407195130226
239.57567157726524
663.2941464861157
303.9679380053964
333.39030300062745
807.405635437533
492.3143083123538
276.7912253823991
509.50732083916364
464.44490372272156
485.33251111066267
278.8884580532332
341.18588446654127
538.8431702597627
405.1384029434187
513.8520808960236
485.8802933582007
747.8865401003126
514.9790115733779
280.2899376771116
321.4785550631014
361.4360904794906
355.6507669814367
301.86054035470175
508.0325560976667
607.9547982255561
390.86408819374924
495.34583324638396
447.6093562488376
324.7436819876247
542.169546868309
472.10836555724643
358.69197811315377
324.61398808045635
389.17711301299926
408.9616236340226
354.2187881872354
510.4769982706705
294.2171465539087
968.3290906228359
394.8176407558768
260.17094948657797
427.029173054908
677.2513934197866
614.9354083200884
502.50394653965753
437.64354910747477
608.1201821619234
403.00128411458417
329.8363930732428
572.290007764434
249.32991528769102
382.2596922910767
371.4427264797306
478.0526523013056
328.28232636125455
632.7695183260494
431.63907250104836
461.9775895537868
393.03913808889166
259.22489649368947
406.4205140869069
318.794576005415
494.0691621530226
308.0422642035661
449.314801626388
382.6335126456902
316.7131736730481
383.43826533792804
257.74048410998415
349.8131362202958
312.8829338524421
245.82913582955126
520.6005709122553
347.44650446912
507.6407945736529
447.2208610883274
259.0816953935352
315.39774863973616
425.6944950720368
277.26197609740876
534.3236670228122
295.00807331932106
458.2138556600489
370.17054486176085
643.5122910946712
392.3818321324328
416.2496763012798
321.24486113845694
513.6832075529826
431.0878108063958
377.94085089193084
301.71636221578166
435.22443570242586
543.3612289453005
479.63743912109044
570.4264100047535
368.7903950169506
504.0045204571107
417.00556536669376
525.5558604295868
509.4473442226248
597.1041682117719
264.8604792187633
433.0588666911336
405.2033019722602
374.247308445573
489.1813741806042
426.7710536371145
447.37961119097764
234.33752514671963
364.07061775228203
730.8798867510683
521.6940369267242
668.1445021482328
464.3517490441793
447.0809420350701
498.9086457742495
463.9429404380309
278.2251034890338
552.5651024569335
423.20713861622096
470.8084926762136
356.8415346883439
314.4036727299793
208.4384026912638
277.19132746224716
480.5325527556823
710.6224409275347
427.3914894837661
367.6634672481357
335.18460440388037
302.2381949752777
483.5295454086315
460.6343565945308
432.0551154208746
345.12604901893985
267.4504777182753
453.28983783455794
457.4858947743332
333.9964692224172
600.5297404517066
438.2704436267858
726.0560681852818
465.5116568641314
397.1260960104365
365.35302042102126
216.02100612816116
550.9687807148118
379.331903493036
348.3413969600418
378.42918262712203
649.4553525698876
453.34359308863293
266.4651307441744
409.50156022245386
315.95151568981225
506.4426001092072
357.4416077583789
361.8501689776635
305.71925164307646
434.95212510233705
622.4122564374031
544.5022427952239
537.1998545668357
348.97167690417757
354.93526803437965
402.0822355984766
254.68187900762976
366.51627983291746
394.83687882827064
475.5025816457975
434.3616852288951
332.15348003210556
559.2092650944593
497.392654294926
428.6448938355854
450.74173395221203
443.31551807909
469.4871137067422
393.4347949939636
423.8747336967845
358.5439528576356
378.28905710710455
330.96422112823007
322.8868568794213
523.2836248799881
358.1110369523192
435.610884646342
563.6603335625216
285.7044825590562
372.5592461884964
320.6498325540932
173.93262988155504
311.6859432460622
287.8021364856919
366.27911259632157
553.8081958022026
430.15466689192124
267.85629465613175
448.5117561711442
344.15970708097814
309.17280353249595
582.8332253195832
474.83783824690147
557.7138211692035
299.2686510568875
355.7852441997893
468.0852457986854
521.2544881690565
708.481966356393
782.609161221663
386.0698453674921
423.69459516942095
381.78355351636003
415.3075837301587
480.6974193793959
511.20155069944116
381.50570577335355
280.39209954194985
294.11750204738195
392.43155080400084
189.14156543660926
326.90626495845197
537.0519749855412
387.69806312498645
340.77276486123424
259.0332535706255
784.7028196215241
554.1010737824989
352.49375473787273
350.76218898472683
417.5398799282475
415.9865394011635
286.0682569856632
460.9066660265774
276.2632080523804
440.28281266903196
689.2180391015661
514.2447801782585
373.01810005668415
467.2190467993776
426.28646570101324
428.75044527122526
469.13531488631804
261.6055358473666
331.3181988299457
303.2882441033564
364.6678287916139
285.6293688125973
432.5674763359107
517.5787316952701
794.7429102349573
336.4373109409245
550.4445062924376
544.2285756296893
420.7140090459951
358.60356259032574
498.51459216152773
268.7742146989182
410.6147729437533
350.8589886571706
514.3220643980056
263.78401740700264
397.3503217887005
363.00816674687667
285.5467783671503
488.28758727037956
470.0264206338655
477.1499138181926
324.0309698463827
338.92867031444365
402.67835425926995
477.1295034342066
318.45521109999316
565.648501337896
239.9482119492336
363.72930422164166
360.1929202123996
424.2860194124438
541.303438788612
326.9428841580266
739.5136980129606
437.10588560133306
634.0677779779401
476.7439713287567
347.5809837404838
656.6057958055532
216.43957573774253
475.1864923798891
291.1488402150185
304.74687026467836
371.473037023758
409.30061391915353
312.5907100110782
437.014989632379
330.82486364427865
384.3643854577078
501.16884639618866
510.3857715204
591.9227509426128
404.80320730110066
417.0353546521792
324.14548056728864
497.43553637964277
448.30444680671155
354.6912327011329
292.8242919523666
435.8096015358169
425.3206393638527
243.76924715833977
380.5700956343422
266.89512331302024
445.08392711115255
417.50150783453574
402.5028841509239
380.4006945448186
391.5822666448917
604.4079295452282
317.6065823459283
362.8549959211975
484.9754878671711
451.3608282729802
405.4166007699668
413.1676093933267
239.10270716430048
402.44407839799436
546.930600200934
246.9989677709608
329.17299069715614
414.59276930701077
501.2226623315827
326.2312063586218
521.2891642649873
591.1170177235857
367.5719731778904
407.9286826678355
413.33051271425506
364.76066040410336
247.71335406723472
290.3717271681432
585.338243112829
345.51850468175553
274.62938644804257
570.6934294223003
311.88137960923024
353.4658998015295
331.94931331339984
536.3432231552588
926.3278295109335
572.4266363312144
388.71788097332075
397.78388307498005
273.2411535630833
484.2110657373876
346.85015425655104
621.6172409692563
471.10699007414956
396.2010517507166
563.3285834933
352.2284175007259
367.03674938542133
398.30879526119446
668.5128444043597
440.9873112799424
250.0521025249645
667.994529490538
400.22165591671404
575.217807641638
446.32665414036296
231.77999957574028
522.0135597028129
446.4360771512801
260.59229319167
567.0606428612374
475.2302050861249
363.9253408086539
451.5011040078975
698.40227976142
599.0831601913252
248.8828153773186
293.8337353900669
567.2190696118553
399.2656985361712
540.8097498675121
364.4052747718986
572.1140027602432
288.26031246779024
331.9994917189059
392.9539286517364
486.1910206458965
404.2132882448264
462.88620058495894
577.6375589435065
431.4461127244148
522.5322900914483
451.852417391153
760.686389356162
526.9576434938316
658.3386147418631
368.4204325911545
538.6711533560004
394.48970764257416
286.90668829996235
814.8243600430651
437.81592282228706
612.6602139390167
438.65754458737734
249.5652753218243
358.9740083234168
258.8472319831341
371.39998932049696
465.1963479462351
401.5082463144654
510.71710004401655
400.5105216727917
514.7219410325459
385.7607670241737
559.5137562826579
271.1858256263979
525.4442761718695
259.3246800257203
350.71427314795494
673.4301421545687
283.7898989855138
433.1233946793082
441.113400852477
298.25207356752486
493.57000711223515
301.81269578414265
294.88842970769315
494.901424609495
338.70821652484193
285.56720312619103
379.9892225930587
561.1745870146111
218.88042878670356
482.2332717104376
536.5507977944216
535.4851554125186
419.62366057298925
413.0651867684772
310.2810914013546
423.37348008552374
571.1042714214552
334.247113588005
546.8641515614978
453.26500248072506
386.1245435608226
493.1377091774057
420.8666480943114
297.7739377015377
435.0276210646449
432.7952633914585
371.6315707213221
488.4498757495198
273.829881115749
653.5854884326246
353.1528398304534
445.81815411240257
313.1588815203992
351.83093880224527
579.0097146843885
385.30735556900134
673.7914706797075
285.04116593892803
398.4011764418543
300.8383222726323
495.3988012588227
325.7721939353953
326.2630674323124
421.25928855768615
376.87391205057367
476.2441588108596
583.7128681101818
439.30697536341137
269.6848664416425
377.64845883282874
256.5316885958127
713.7363541470147
520.2625284473676
265.54758871141746
384.0012307056929
393.8249166169488
586.1811315296666
400.7872399584092
305.06969668269164
396.90757799625777
270.46845100969983
341.57364355963966
940.084672085947
383.7334616520152
455.6777083097936
268.27928925931684
481.8109716577194
377.08205758925914
431.24203307112555
943.3608136982343
622.1755531603491
251.95116858240607
402.16717157762537
348.59921827353855
723.3752170546109
332.18146840596825
339.6941012235705
371.9273750500924
371.50401027264434
512.4623390955353
518.866954837042
281.13397754188327
431.7940953657095
309.42583499376593
538.4290387788208
502.3145628596
476.5448384764486
222.57062242957966
497.65622468698103
381.1317606146494
366.06262664839295
381.2682649379395
365.2669597408788
376.37407854819605
534.3353865733184
280.8515142728028
215.3390958401939
444.7593086671367
436.4410702416222
376.8575358696765
355.1841536170356
470.5919210127539
321.18156404082026
432.6382861451103
308.8961780178658
436.98776252435204
529.3102146455022
666.5052629799501
399.3621916630724
516.5394064959805
244.9797695857412
628.4979522429473
438.139679319581
394.7110788704135
533.3750141326052
250.57072804822502
422.4486877037744
472.1193007491871
271.69496926937785
511.47069472972294
421.84783404955914
484.48902892659567
541.6884264118971
514.4732208575083
369.04786561318656
517.4422469472814
301.8997236179104
309.6712550541356
714.8252587640286
324.2105293817231
350.02385877873576
438.1271274876912
376.51295156834
281.6121871355878
628.4519665919464
444.1543779392173
238.49926510534797
415.52868737640904
503.00772391381815
425.5725672959206
510.4259327487335
338.591747009733
682.1739214886276
363.2364836096266
256.7987240770525
325.98140273577627
357.16350796749356
457.00066306243554
389.9616819024133
665.4878753778228
240.3311623853094
470.9669061821365
361.6176156998006
374.17841631426575
494.93951966617124
567.4509525665464
328.312774319901
456.89727596358273
336.3746306179318
317.07621571800684
705.4066453161981
555.5367876225323
401.42720820395976
399.66855821317984
574.0221633417451
411.62758302337727
371.75857929627074
392.4130489417209
347.34273245908304
351.00800877972387
232.24440991891765
476.5940110311716
334.884185249516
413.972547948694
151.7219532098671
429.00426224999484
352.4532395360796
565.1105712616812
229.31444574446266
338.6561028568145
455.4193243182141
366.8751985964421
360.69174694071205
546.9670711591342
509.69894840091206
311.5684271848974
633.1772727091658
251.90082670770778
467.9343643353949
351.2655041280484
1008.4058157187803
298.931277268308
303.3257233654134
318.68436896713126
270.82911378789055
460.675031797162
566.5579227953609
190.57212924722538
449.68225054769243
672.9121653792347
351.93091721369746
325.110969734192
483.2316522935463
680.5978264390153
314.7619088873992
559.9529043439887
463.85736068011147
954.0046863466379
387.1027280706084
615.6214530526149
497.01313898829403
352.6698166068835
557.2424388163265
306.915865867607
249.86121335948877
411.18913856854687
454.72376106427015
748.5100197259095
333.42142505646814
379.7448346544944
338.12865577791155
309.27455961005137
272.1307768267074
296.4355134749062
501.99633312412954
479.4428905248671
585.9186837062789
244.191839737179
313.1014445536459
440.88325423959003
466.1926927789515
618.6631619898858
513.9182465167107
525.8995364597482
553.5373641165114
307.3589179768691
312.25514521759504
321.94004726600036
435.3104788236553
397.26187175989935
490.0531938348293
373.1750122192454
299.0790160437296
315.094725996114
180.97797590000076
271.91208877592777
467.9991423052033
311.4735137604204
282.75486896690484
623.2528355068969
554.794390367329
267.99654670902106
621.4010373798812
260.6381348418212
262.8607783992161
298.66420836147347
401.7684917631653
385.27065193770574
673.4943743065735
519.9425722286092
276.4015444922195
433.7496262299208
363.6075489031532
334.40123265829385
416.90112432828874
319.912123399888
410.1189177125752
207.64966944308915
646.727523096246
407.98121098707344
399.13081952642597
536.9589138812267
508.9011134995063
568.0323351604593
355.9088420300828
287.1461240617681
329.6625940095476
473.32497693295267
665.2272595206109
324.5835694728005
611.8217709433509
288.7385290065139
335.26114840448224
296.9460655732339
350.0126154614033
466.2760354060142
415.0207233099879
356.5013163418289
408.3086270290672
428.24594929726294
304.5341701717959
542.952826618704
317.8084648039259
402.47872047674804
312.3377236302839
546.5574591353227
382.73471398166544
427.12749155241687
302.3692907434502
330.3161905279929
250.48675023779376
497.74563511184687
619.6606955040928
365.12330104260286
588.6622994462508
183.79219902785184
412.1496115832438
305.43131649697915
284.06780976995435
581.8221358187773
601.5445953900439
280.15572749767705
410.96132599167134
463.17012025605595
446.3662920300873
841.8051921120602
507.05355939663593
341.92217950969155
400.32627374306367
266.5114238105613
201.10167693439806
367.54212332940693
532.6260434835111
235.17268008456213
416.11178382448844
589.0214994230173
399.2873020525652
526.0843422463321
386.27007539543575
472.59648292179475
300.88198095149795
298.28021038378506
381.74689241859056
355.85477299620135
246.57815320570896
544.6615977442528
254.47600796340316
489.9365126876463
324.24866091424525
497.23015487981706
336.82134497667033
343.43295636882226
550.0234863481435
436.02345428871246
389.1441838320225
274.266934125954
591.6551104753702
379.5199467063481
193.9390148752173
800.4828624122761
459.6015501439796
371.64508038102525
258.0589766784413
332.43239929371623
311.8631086542152
433.74013159728236
868.7562042752958
355.6387013016092
333.9482067069319
467.1837527247117
413.5384324484529
316.16337576485336
511.78411351228516
393.27810217437417
558.1537200464829
811.4747045859574
278.0937674245348
461.1471243492646
368.7692995931329
435.85517752057393
453.88054091875955
920.1600726682182
317.2039709519161
284.35689347868987
366.485451180498
641.6175262216352
442.036415802399
406.76000844069716
481.61019204533216
395.8097250830861
449.74771926865316
517.6559418471618
531.268335581932
432.2521145301051
575.4366407686754
327.52868182678606
392.6573494104644
564.5838504817048
374.4070212049294
348.221733091715
374.43900460525566
532.7221145207345
327.55857023999704
455.9033311138591
255.81185011933798
324.38931580687847
548.880573034964
455.01000994747403
240.5954367664996
261.65597857266164
395.6781700207441
654.2619500005396
454.5157399556883
675.9149679895039
262.74717038113357
440.26387741813386
252.58587733339402
418.588601415886
386.3041780494344
727.9544079012966
493.8668285179455
523.5495859106453
244.5672616787225
306.1871680633295
397.673645499185
535.199763295741
266.0004341405878
371.5335963582231
270.17174617718314
325.29322375762365
409.31452981955687
351.8816367656955
547.238248122638
276.617973267736
368.44362660790966
333.6498109579438
293.933400183496
537.1307539281154
376.0767640295802
433.5059036292212
445.600686709249
384.87787542042855
227.11456824473206
502.6169506373143
556.9676653582524
327.94316907832933
466.7248094091394
421.381647531455
448.7427551594973
449.78394064039696
515.2721447647556
502.1381232348546
422.7726844703576
626.1574429016323
483.68863730956843
518.7455843160994
366.1460357911318
380.6161611152017
370.72277324858993
436.1495206127188
605.4369435945611
335.3649355170478
188.15179352600234
745.9372693460705
427.7532083951611
450.60121788046195
295.68189959254494
335.05000710476764
290.065741830314
458.6982351078629
284.3227695865475
251.74936731667947
441.5513855006287
440.0623431229756
463.01254983614047
526.6717103126376
287.9599520186512
363.31332161592576
496.99126778613737
676.7203828591671
290.61353774807924
432.18011885821505
419.1680595527242
549.5916201208584
397.81171939626665
230.50184573145364
359.7016412759594
429.15055375576094
409.72033882907476
543.7100923242683
345.06757905478474
524.4917760521049
357.01730564226426
459.75388253060737
285.4625458015678
279.7140700171986
302.1412835015274
266.15689757599245
290.7288491041359
436.8279401350956
573.264769679893
256.14953675913347
446.1806635188227
394.61167020487045
383.16843337295694
390.6423356462562
301.1442442101756
251.21195749867556
625.6714051930865
365.1899274277857
354.0001882973618
485.9495965169696
470.7208327480177
214.80158485500428
369.88073707315533
434.89085369141554
533.1357834530519
325.8319117519429
280.6875129995721
571.0187763973888
483.15787940173493
344.5430387862867
426.85559202968346
275.2770469416007
379.22695692939095
395.34080831630865
515.804214961314
238.90273722698538
489.8245890821722
412.4970170467353
569.3859581160211
611.6412139810725
348.5386267599587
610.908414452015
324.5274461929213
314.564085408363
496.9121925211316
539.3690750898484
403.2725563802661
668.6144265777044
317.99990754903814
275.2685607205241
560.5552869032357
426.96944266375505
472.3284565782359
684.577598326032
507.32847785388213
493.5245739899599
538.6525317393763
300.280088284047
470.6438549780082
419.6475999391641
247.34706243560228
200.74503805796022
395.0227110790309
471.63729786855066
474.0394236721545
391.17110088749075
273.0433439380568
362.57485454087555
339.7501626676713
586.9368373562393
305.18542965458346
368.57723979090343
506.8086525255848
448.8288522650919
427.40617188561674
241.05048893816317
289.1697471410085
448.83596411506863
355.4463919297592
361.6842150162353
343.08735374797055
661.7202373816974
337.0137639357551
284.7537646065937
552.169432074807
239.356654930541
584.7520424453493
312.00379332646725
290.0372771728396
373.3356123639219
443.2277903174338
572.1619467653051
239.48299536946695
541.981018959578
686.9989400052172
540.5848854040196
533.275531780307
287.3129697357258
372.94924481668806
344.50027121391406
548.2934548443822
352.0482625807084
315.5046197770433
585.6189231853419
521.0786083860063
236.64159050714127
370.9589836004978
471.19020649813507
396.126471141181
388.278333342447
224.90406272955317
481.15040564131897
358.28937525576737
382.35343623715784
323.963672197949
448.60208223150755
469.6968381966867
385.17431975727555
492.92003349760637
345.23210262608563
367.61941095773045
518.7682152292804
600.9032572079265
511.8422287791854
393.63011103695874
303.22424614724247
299.0372159250203
456.07591510122234
362.8996854026502
657.5288897110887
635.8411805238723
333.51355418051236
336.14755019679205
259.7924135080413
329.127231626782
183.16213454035156
322.3045100540352
381.09364360577615
736.2491903818816
403.065992211025
245.1711580549137
544.3713633600356
553.1336813728777
389.6861549147612
335.0869054037682
339.01529726470665
258.8125353737805
284.933311917164
307.9293218864687
314.05233036569047
442.4169938861566
328.6812146000648
482.6293602879802
454.95828028680916
550.6413380743687
613.1247232831869
387.9666097076523
583.2194829918953
196.207816346839
701.4615643459846
370.7848461654675
500.3361050365696
460.8348782480086
395.83278039210313
480.58728684019644
561.8727311318951
375.24918287627736
403.5957793278097
293.04078010699965
508.8014524292442
337.9373171328251
336.10771492271056
359.15914433957926
558.2435213489113
278.1799605758669
510.8852612856719
293.4629726553405
468.6011461527214
546.6146941659766
369.9777709380003
433.0898488612493
797.7847517001526
297.3821054485178
442.27028151699596
645.7242228210299
339.66646767082307
499.449179403227
273.6309102787798
315.04824416364016
294.7211815512826
364.779545034429
377.2884972721131
432.00271639982975
296.9267546955754
526.3634966340234
524.4148510717928
300.41757470844755
314.2060960974496
398.97978710015155
403.77718482892215
237.109480877295
326.6739765890466
305.22556543351516
445.21722486638055
276.33625388307587
282.2566320523166
650.6431620125728
523.4807673984777
368.9438899548078
494.5911430680725
505.48646671133594
307.7640742825274
415.36350145361826
385.14001773418386
433.1727614086164
408.25667487398215
464.25036482626336
490.8259965769652
245.96848060630893
428.3699199637485
531.7776174940223
467.67888201414945
390.1626424025195
746.732991574853
418.68687915531365
332.06844114018475
521.3854141203535
225.09827255700134
405.6149627015604
580.6214256718378
287.16681735121847
370.6675241773172
508.70706330931944
717.3499238037627
290.4095907063643
319.7699194881435
479.33685904205385
403.18269030452086
237.4315172594499
366.08154303297783
397.65341847967255
450.63813678728496
406.4728222304826
299.37534122370914
368.6117183141941
286.8541626835035
323.7300044481251
326.74389707722537
388.2104581521067
514.6357872433495
498.56848039047395
443.2574740391261
303.44138065897783
426.38874685798396
346.55712224570976
470.5235651156594
493.3430337301773
363.29529455722667
603.4508650314331
411.14672088124485
466.5822305188706
458.55969428981876
395.1876018253346
481.4123479688201
334.56910515409845
349.7242079343664
635.7213758862983
327.1627006023029
338.1012835902085
431.19301637357
458.7698066862313
339.297474723005
587.6974806702024
439.6496410551425
503.50125083825327
377.7956950984141
571.11400978081
682.2402187156756
497.0951646240702
245.83541985142415
644.2670366257073
398.2022643405585
564.5222858637295
372.36121467517034
442.451698116877
315.1908936066923
233.27779318479014
392.6308023582158
346.39364288818285
379.43330758029555
477.8989658697179
499.24064166845955
220.48224374334518
233.08385514742037
408.62059374323854
473.65331170062973
654.4903705527786
280.9809839420077
322.8115255171825
393.5947461290295
271.5628483971734
303.7515654282392
577.8965257794074
385.4043620207866
482.6952661739187
342.69612083804776
274.5006992024683
394.6608152912742
468.24321302969093
549.6410454524599
644.9230625855805
392.23154507737286
386.7237383824984
483.4524075773466
324.6964284552188
395.3276931612851
342.77360285280804
542.0951098625493
535.8950472528704
163.7989372609878
256.6469787152861
400.61764152503747
426.89802803128237
554.178420582312
314.6881292986159
390.76782480003266
619.3384748913409
460.1854200146507
259.54409376411223
295.81947496677526
448.10102075326375
261.85753585294503
579.4066489977215
305.028249308772
492.75127506366897
290.51973384915163
291.07319706316895
655.2072751089478
278.328887677406
583.5308976574947
555.4883001818238
494.0249731506022
543.8561624871865
367.16397944156364
455.85826180313944
565.4889820163372
360.6296573252989
486.4332054799024
379.2932520877764
384.1672402318462
352.9159815334769
317.3879160345521
505.5332629347255
505.0695363401012
411.58555152338107
363.43921839371995
502.2413611444208
248.6975843450097
371.26491864140405
341.1436206907303
324.48703301580986
460.5241078223415
401.91873538265185
468.9579795823782
564.9315464687836
384.85088864224474
322.4992569213239
437.06683791999194
298.5456475924472
425.4307424636586
263.24957309699397
157.57964783690193
524.2875340226598
323.9392932068181
156.53821478742753
417.8515401110941
289.3441153029604
395.8613107840449
496.734683497677
605.8303094269439
359.05877482581514
339.1828975352239
334.29914228930124
346.66097217775587
409.8822218755551
360.3587339173075
375.1745315577068
278.7677887783587
564.2303184477403
213.04067479973202
609.5698125591945
392.6173224809852
499.9089812282041
253.84759178304924
395.97691490646787
426.41893800346253
312.2957607609603
581.4787887729806
381.2957415605589
356.2621211887043
317.5636008662008
333.58027955970744
434.4146639121141
325.0792875479762
288.63003488239593
272.7290353578592
327.57876229428246
320.27590656423735
574.9591749019252
350.57229912494154
297.91125130063597
787.2122322893886
448.1630115734099
353.1798422741974
233.24814796231863
509.57949866897945
407.3524782268206
519.0292187715772
829.5558417960308
511.080098201082
773.9302808726787
237.9940571614182
601.1174564146912
534.4021982004448
462.28150055307117
280.7091182017674
615.3536509235037
388.2570164156623
391.7936922276387
410.67327833585153
252.2534505843676
700.386556000857
352.84448084987446
611.3141396244065
565.2115172288194
508.04165336978264
442.66558705943606
277.50329721227655
487.7626918070982
325.7390889708418
368.3880650950783
318.77290288624147
422.93978165282925
355.7163401091996
393.51758228012227
410.89870807177084
330.35509080785397
435.3563942265682
515.3135920605785
398.6165382244486
226.32049381439978
781.7955665370187
341.83707705015667
454.12939074702564
421.89852113121015
412.926063695028
556.1909042627854
772.6145984619042
305.81173223185726
411.1672747916623
350.20856630970627
293.2178146103327
327.7578217851472
345.9669153314325
437.1338721267615
259.4979970776559
435.55478074608334
760.0412617738227
357.63502542433093
364.55116554441133
483.7308084339417
383.83014109657427
295.4427489586877
375.55751955314514
627.7685723257009
552.292410191396
820.0238342652405
571.8994859024559
276.8393220256845
503.6624049534176
235.37523625788285
532.6458972885334
356.143787716978
364.0081992722072
240.46277999378395
459.1912972800602
746.2111680692522
291.63906615701234
302.62215887285447
312.08059937523007
333.23094265821607
368.26024262390166
247.95833868648867
261.8063593139038
399.22126165695477
460.2141018147763
517.1288250603668
531.2981330709252
478.3543481743791
304.4084362076963
420.1379275229315
297.72728737536397
444.3068963637094
492.84488743829263
397.6172443984883
390.9774231799099
330.7232311566036
223.59155257434617
828.3584247935466
317.6500781229729
351.0894035013579
330.6426582767668
520.1277271312139
193.50221382434663
404.32755160419487
303.89205703904287
387.03933435178396
485.39076034486015
617.7557926965189
291.9606263631323
246.3831664263829
468.3121392089433
558.4811940034346
375.63705805910615
323.1083028822245
347.6521218399583
326.3156160303335
309.954443035454
293.22754860568745
393.46182365049725
367.29243160827224
545.6610468700558
616.3380820613758
572.7625239632008
452.39488516113653
437.4026408707205
260.72661506374993
681.5846825258903
367.84215841529
503.7844394774709
510.63848813785273
300.1799111015619
350.6465894134788
549.1377570477548
349.3055451627073
261.70324712426043
613.3644029727678
257.1253184083184
336.13074333303376
368.95769265086744
377.1733680648502
640.4102513638394
749.3823338466094
497.080782005833
194.42967188998333
479.70076082058125
472.3936882872581
569.8551442827746
334.6331764846615
328.217128135944
447.73613848195004
374.38861271808014
629.9183237249024
539.0282453316172
435.48006900221156
704.931336395315
415.56616474126287
429.42381225124564
476.84666944467637
414.23326134827533
278.01890146326605
371.19787229129764
471.00999793790015
435.6771517975009
317.8628012935965
522.6157621719364
348.82440702821276
586.3231307994203
397.42677659988743
414.47897925955726
544.9586183200585
476.15549737612133
367.7483226894874
722.768786908428
556.4739713028872
209.61689774282377
489.04014037733356
343.56697886728784
274.6781079683354
436.3045974532005
652.6809006094172
389.9728888557542
314.5472703174045
514.6818276008623
208.1106727736341
711.7384941753445
316.97482373220987
541.394656179629
303.86573723442825
236.16393389338864
552.2583378575085
411.3572508067346
674.91552345103
384.33280607535454
325.6233156482331
540.6717191781711
392.4638400933866
475.7030030346079
488.8737891462738
308.49251793126905
615.4783894515548
391.74457693495685
298.40287772015404
393.39750768411574
351.9062032443137
353.26438696335987
275.9954364712376
748.7784588558605
337.6008114371366
480.39508186703665
397.1024572318889
485.78561256275543
441.22146986218
447.7722373312966
385.026289860581
405.43831712695544
495.64658669428445
301.3407001159627
274.83288878676655
408.5287753387925
346.2061945340925
318.8736626160652
263.5114611133587
396.4956915199798
464.92157897058627
341.4121322917787
483.01578238680565
277.0575990336763
620.4810993230255
454.18153950147655
398.9919005301912
227.36285254845373
249.61600883546672
281.2235411831996
281.8008850053576
393.3772053378181
771.5361434669232
374.6454751290827
605.6756113768241
337.81451772180776
668.9411721487127
413.85783985921586
848.2535202401573
553.5972804290709
515.3877905714185
444.4080506635526
551.3174992013211
379.54325362026725
375.4522165437772
407.2537883783747
339.5693760502305
482.5541842535181
309.98839159684405
528.4608053230363
326.67738575520053
445.0105772662922
398.5455037893418
269.01235752883383
290.1336729712936
555.7387427153674
353.97670569671715
527.6971296550366
295.0255147159692
264.3826750898463
369.1437993881328
396.96326608868765
339.9636657093337
383.0851560352055
693.7624934881662
630.7276094629266
333.1739142662856
501.8534294268568
322.22115692718216
363.8209319591723
363.70615516531166
353.2611237428864
442.7585521671048
639.1436891547058
352.1869812938878
630.9547345281164
378.34184369768644
359.5233268208799
249.12637002479326
446.6168903009808
409.4558420883774
368.4641845569635
556.5299599681118
277.2524225262487
419.04981355577917
535.0276508627422
506.2379203290396
296.4118471050743
571.3133496650505
312.4232335521951
589.2367498995902
439.3901300582757
327.2360179787655
354.17152729734596
651.8706334286215
600.0939798891098
420.7889560530239
402.3551438153458
339.4836418524345
608.2999062887131
763.6964494725339
394.9885999802697
611.934312288218
517.7326425896315
252.46661355930084
522.7683253472356
508.24395497893386
635.4017308034172
484.3957072382807
493.635338653907
333.248933912953
357.93712716824507
371.06331629279424
366.01518351396777
223.91175963850463
399.65162033810805
534.7197807809305
373.885181585721
420.1096667789129
504.80124104503545
457.8056182364112
774.3509790190518
243.41514685207324
452.27530171677137
647.4162571079488
464.9445988865622
476.5219015979943
459.938114243857
345.26401247132253
260.10095546077565
354.5337348167838
399.85100733415464
401.20854893231837
461.4202357980723
412.72310759604994
224.44194570638206
614.0947038494293
557.547863262799
437.2978990211395
354.7564223426015
383.51514077555214
313.52209864553157
293.7865880707778
475.3356944622764
399.0359182416352
329.3868460677801
500.75656626211844
424.3823484083669
479.0400666615252
496.84616617488433
385.4709902231354
512.1633209449648
394.06492664850606
435.71497155242054
545.1263722627592
293.8801293281632
346.78240192681363
456.0208298767836
350.3253465547959
412.4074684673109
556.2513121814673
416.31254190490836
558.831977998085
420.0371911386263
511.1806059324472
798.3128752324045
362.4068372806157
263.08201304672644
427.8990247576747
469.98630866226875
323.0619080300717
415.1366228107312
392.9962032415062
346.147427466173
387.3074885076249
361.48212522743216
395.9305634702484
445.1447816430637
377.7227622205102
320.7705538702944
472.2924670490575
249.4345827697288
637.0524044874178
298.47946359365966
315.30606868261003
648.530413021934
365.6982494852137
286.5606228344444
502.99619547357895
477.7814704333991
446.86397167710805
522.039602745636
716.8091985611237
246.47144838080115
536.043941186272
885.1895977952987
483.070969090067
332.3420492857496
397.34096796640483
448.76790433921366
422.7292663686599
325.24054423049387
326.4429631988186
602.9621604204902
530.7674159493126
701.0625632980099
687.7622555638619
274.02857835999737
452.43711957097184
357.6895980630194
439.0553135076737
318.4319179663437
458.88003194890746
531.0686122265594
446.2470569094915
323.6591408319865
399.2112168079933
293.3283303361313
191.21350489408948
472.16969858978734
270.24989664382423
345.41926934865086
346.34176868532353
598.8347256596061
217.74850817223168
245.41367364875953
415.59216331426745
257.76431081639254
603.6994655933939
337.8621021051587
464.4985512022716
283.99848219399706
409.96153539132706
419.4050742989711
527.3695849378902
335.2305351821406
343.7672464454094
394.96249456404064
862.1323036444263
806.0874538850566
326.51251135614496
299.96132167634585
543.1573394176688
382.9614441372015
344.2076813327184
375.999441461258
295.7740865165267
414.5194783623589
328.0052405880869
533.5352511332396
484.7932395438283
428.08690969244924
705.8864255405364
665.7676393064554
620.8956905239387
265.66691474343935
327.2789277390811
211.07189491234647
268.4912745400482
382.5007190220477
306.0473677486107
446.522517413299
597.8292844127695
542.8743271774736
632.1655182476889
595.2604051090426
382.9988350566698
431.85499906912986
302.4320090360307
454.36287814158254
336.6527378597015
396.4682474566757
376.4694299742674
284.6925474132337
578.6494153313614
455.62831534517437
366.70537226799763
513.1342632906973
407.0428510448856
612.3805426362586
436.9261056594969
367.15407201640335
450.06920295038304
357.7899488899833
453.77269933306064
380.13271966581806
407.73173360077783
459.49818075922394
467.5382267608391
486.61512559904037
420.18608969216734
672.3461327640517
374.74194305978637
567.8904788841371
278.1597146936618
351.74457104228395
539.4162120217356
326.61809347550206
776.5173162055041
656.2286727303009
241.78897761385235
170.37100987256758
382.54394917092105
271.02456434365024
232.94464861048405
361.18215131311683
713.9186429657722
418.1237166683388
639.9663870876082
353.09930085679247
460.98197126876096
329.32182230042054
508.6791319705259
488.54620483922844
436.04908236092325
371.84828984283325
405.17788963577436
438.7832265519862
372.0299954989689
465.5508446375737
381.47804526692113
335.5472185099941
509.8790168976832
351.40286807077825
427.99750710571584
339.0888844312437
360.79193993766734
566.0191960985723
364.06113665625406
391.38700539284054
505.7771036789822
851.9281198947239
288.4164003817072
404.77016337788103
395.1055490134678
425.50894199358333
283.26117528148916
286.28983979923083
353.38077499023143
459.14513414906276
345.8133159539072
481.4019307666473
464.1707291979068
646.8036780562126
364.3288454423992
580.3836078577942
297.0070363443391
632.8722088578609
562.3024892034996
298.07523118694814
474.34898467029285
462.64667763660566
623.4624452921536
566.5800686951756
367.6065387098459
405.71233214006475
402.9320470382476
791.4887411908694
337.47643128208404
377.85102171935455
442.8686236066421
440.77260174364164
402.05809980469417
412.45481010181584
634.7644392687647
311.6212336548743
321.13307048198595
453.4101203935992
371.72268139709814
231.23059411146195
329.6293485410338
358.80694328219033
395.54194423512104
336.70449991905576
372.1242107867247
370.0619347631096
329.8656058268386
501.24031006676245
432.5159896616687
547.6626570141137
575.1968293243324
351.47705025752083
354.44682472941844
429.6296742458811
295.5980572109765
386.51072174371967
224.75285504856842
291.0283022128856
328.71290975659167
394.00879023298495
443.70852722345575
313.38905164493923
496.3832477830238
475.90337048593557
725.7777013536634
382.955601874589
316.6514246444433
377.2401843062925
415.38505529306065
451.61872477965744
491.5825533170646
307.8693554703029
442.09663554012167
325.0133642577386
512.0360863143684
418.03328569142326
448.01485966034966
665.5022136706183
171.25279081635526
330.109175760852
569.1564772939327
422.1769439577578
543.669696846079
365.55479521591525
717.9989454700043
339.97424710487127
356.3965972703837
374.02631089668427
383.90778950227326
348.01447841851837
355.52482626094337
457.5297285703134
410.7903487218863
340.36706708960753
400.3728085412954
302.755998752786
369.52630713413356
384.01847130034963
246.34593042958994
661.2906695659209
468.50369107009027
437.46591083229754
387.3778632143713
352.3378137899872
525.3722616814375
608.9229366006059
415.9488075053078
500.02907840133037
306.136885918863
406.10725719416877
297.42034113877907
216.8688205499807
235.55732501900516
369.92624204840007
784.0755587036964
383.3192776028423
683.2842015471873
327.31555921148845
475.85909303349735
413.52516231953246
463.55160700967457
429.09494029591576
463.81663189545355
490.4997680930594
254.96884776251815
522.6527742202235
585.1758896989835
345.4777182768799
384.69854560484106
322.45676915563155
507.88896280802135
380.82456474102565
276.98887092906585
331.0217780713823
411.8077175208145
388.00538928186666
410.47785985755934
326.36490162317796
586.6299508260147
416.9112240786875
199.1042357219498
213.3055950585113
316.0913054846985
396.79727534562033
348.1159470880744
472.65019950158705
655.417283597728
373.2912013586323
390.54644087715366
447.32985185508215
430.3796821002747
434.8380507360185
361.15439320730104
544.1803722268698
412.3121712086354
488.13465244608216
458.8991993727444
474.0821655398043
400.0680047250235
575.082631402105
372.9161902047283
484.9218394138342
440.85439610376886
462.34908877790986
258.6735960811925
448.0214710070015
459.81679295767833
557.0620498388807
240.40394050053064
373.94837121345364
582.0828006538292
505.22091422818716
393.68961690775166
294.8438612006464
194.88650154885008
384.22142443401157
541.2038720937848
372.067964927967
289.8160837006028
725.2074582647608
464.60711716243685
457.08361075498084
623.8341133146976
467.0702112918665
588.4977714697643
525.2826219234859
251.6441094568169
286.10817367800286
419.33726793619275
426.7112846663228
292.00861786390766
404.0008848689424
327.4345238286757
675.5244768640947
535.6575279365838
429.6773932484719
707.6249491058
431.8991195860815
465.5698330597758
452.5592445984087
570.9205721505477
627.9627578134016
254.08110041888992
378.38579948338537
339.35166564168895
377.9544333421472
352.9745067099047
540.1555940679854
493.9445194074736
356.1682983168544
396.7538722119432
414.14783940946154
514.4372505348199
429.82042580031793
519.3656141788789
477.9871534473182
513.2164454250185
290.82008443575603
320.66320981002025
563.3678574298144
400.870794567894
444.50456542749464
397.5744296145186
366.8041915821572
357.2229138562558
296.8483480443678
349.3284394561331
533.3992212354549
416.4177036581061
294.7589668120801
278.3686364613239
360.873107325677
243.8776632889909
628.8517307885691
464.7537449867677
318.18629649957836
351.781364963542
347.3215779114324
539.8753258409331
457.3598717702576
440.62129161307485
595.0874195534764
603.271693238961
485.15911723011067
328.80331565968714
211.33148381291974
340.6194391332455
568.5268985761389
445.1595263936006
305.6309677733682
313.68231887594425
424.33755259256077
400.18229250854426
297.66544958447804
492.7457438385216
859.608509392345
280.9132073711239
471.2434781247001
501.47074200925135
244.9057218304043
532.0293201006326
486.7202699378252
338.8556813512584
236.28082657563593
268.8881125816798
230.8753996683834
334.0588327924916
370.45841238011593
176.1468614731532
502.75070948408506
355.38094450025545
658.1100004453032
264.6214429529011
433.628679617864
560.8520654584026
294.51101407066
476.6910692431874
616.9632352303171
486.0267633626961
250.79124196430843
373.5992289384562
310.63680456816775
547.7769376646573
330.3945962852361
456.39712716788233
524.2496295557095
313.6505910188812
401.25091507245463
417.09626262009385
312.48510497801306
584.5424899897512
511.09834030555885
604.5047961663638
213.50414527148962
551.5129648137801
350.36236154232546
399.75227506678146
259.4313363471432
683.517826057965
320.8448794437352
406.69966064434306
313.7796559568186
557.4044993983833
422.67006111172236
469.18085553605823
556.2972636809465
330.9347056156028
482.4164139883597
638.5797673970252
552.4900244468759
239.63379881833333
316.4777960491752
544.2535148291303
347.05167770864455
466.55738294169396
352.10567742217205
494.7620373141907
318.5104407897286
421.1182260416984
274.88686489159386
382.5785140657239
385.293217749645
356.0173447869603
369.3459489162952
755.4370886619075
362.020946182202
493.2403592883848
434.1394567862652
597.0320574797558
457.4543976634274
400.9077714605021
418.57325053830834
221.0324964853714
271.37212649858463
445.9635483398798
757.7639321875278
466.12229288567227
280.2468999329283
440.4569626341568
522.7369249944312
587.1950508412698
308.58835841509443
453.49110242786946
296.56327937362266
407.28621475309257
279.44143874935514
439.82994810190496
594.7176483615216
424.02674390446003
326.72272852385845
226.2799587287558
334.3478603026836
417.2034099483304
410.3615008428467
480.13354518360495
309.76806208382493
205.62960642722285
496.1331606287855
296.30820901709694
274.09190948285203
598.5577346788638
597.4153824094229
347.98425445333186
601.4885153391067
684.7736239533175
382.15428604001374
640.6084641854322
289.46482844553225
372.5873430172942
348.87915973944774
318.3918306691897
439.1641805672563
367.0450361219712
549.0040082265208
395.6296077617148
315.0183507755818
363.19025760625993
275.74035481936755
518.0264453015888
261.9251429017726
254.86815487196964
297.8943314960018
548.1151027634403
498.1362706449324
435.8875494688609
411.42792319800276
397.3778166624446
330.7813633983698
537.8817383751261
216.6605337471615
324.4334489961726
453.15267757828144
564.6239077003601
328.8725499055338
359.61774505420783
509.39258102218474
416.69402670805727
401.3454230217033
327.13046740811376
274.29401085377816
616.0856761405818
496.31549645604247
867.8373539328352
554.2583960881846
218.33842767052533
535.9167579460026
409.07280681719214
592.787097228263
410.4312724687872
292.9546567846034
312.1575282423085
286.16296510410206
360.0791803495464
356.5447735303293
347.55148423155765
471.9169584600176
422.5792263236367
347.14185529953807
349.2097553884769
398.48103999317203
521.1881158401246
386.68291778084193
412.73519305691883
381.84831898312535
649.0729622955431
378.05568192868634
225.43284023800877
490.1116987606232
352.9877915757829
443.4009870616757
329.2925848081671
465.98304836704193
587.9983893369038
361.2693042963425
372.4674435734824
489.10134631582093
332.72442577365933
499.25111886463037
503.9861130592587
617.2730240655226
484.7199478575139
399.96157001482226
449.3974218183537
491.0791992863086
243.62036228785666
310.66856256366884
429.3286472872785
364.16810886693725
312.6955117104585
487.99433683971273
297.57646597000564
409.87837858523716
529.2096980226806
292.8461196977211
407.1229264249327
404.4535859472867
716.0488555419766
395.0741911010206
218.64837462585567
453.98393309778237
331.15823143508527
376.1094987683299
347.91672399549236
516.8769358360814
438.7736100825442
392.5348808616391
278.6296800569444
380.2767291964669
785.4473612141463
365.61669179857955
282.12310401931336
360.9066975043657
237.89151094087
462.7825315730737
464.64640436307906
679.0194985580033
182.25284539701624
221.98144941364515
395.4376453953241
326.0242482093062
421.09960133111315
278.6639076519362
399.04567417129306
392.5472768837463
355.25622748009795
349.1013412686615
316.6032018332114
558.4412041411279
321.2072142090825
371.0265994553725
443.43659228176523
378.9125067602208
434.1004067529506
383.3006348514202
330.0100395876697
310.5136908461059
265.10604652698436
558.9574012345696
462.54556004191153
607.3944184588396
499.60913703520316
229.14087524425824
309.4618321022963
425.86341605548523
353.8926690446972
628.201544468898
671.3326182754843
390.4167924098843
280.59604088695096
653.0237193517042
214.17329952086237
220.03317579907332
337.27665406585464
375.792474465318
411.12192542175484
509.00308245119135
312.8631146655852
324.03942006308387
527.3017536232869
404.48946033236433
438.17953550019445
259.7430805502938
421.34901000150336
232.40641113054625
469.6286081127873
476.37312783711684
372.61878287654207
409.7580450408412
367.969445589241
355.0424068536094
307.4232545813336
312.1928865494011
677.348359586409
506.0231709157782
364.94724501545414
633.3924797745543
520.3730350746678
529.6135885742249
277.72312748925657
344.1734819725687
428.42251161970444
340.1767512324263
479.7588797125376
626.5735773229002
479.20249933925754
576.773340840327
604.7205351668389
428.2000250378081
406.1979824525669
315.90009370033044
599.6490997105452
387.2391881071242
330.96713262585143
407.0639825050295
521.0193678788596
413.78426234689465
467.10410612675975
538.5088343887509
401.85581540800763
386.8087654781485
285.76183924597717
478.7426726523825
356.4834903429382
369.3082437141022
487.69792041220643
464.13283283081665
269.47408266966863
314.63703720611164
280.554227526461
680.7116705215285
364.94445406198923
332.6107059916298
404.8892734738496
796.2034280796321
413.19486722786127
321.77516623121255
398.428282597156
343.0239304354707
262.65478172484137
415.41712705833015
523.9588991447779
613.0197087704479
230.0168227279627
660.0559850526264
304.47812917679175
531.7033758531004
213.9963593075043
521.9034334798885
372.4968495053786
485.96710214359007
593.9083272235523
447.65079016005865
405.7456550415793
441.861911050477
415.7353664667188
316.4219418625561
203.67529797539254
523.8660780079186
465.913810347015
287.9825393611785
404.9371024530182
337.13250311751307
501.7703474068742
385.6974566229953
582.0927565913425
291.58279758380746
360.31105510288484
469.4613016639521
371.9515792650975
382.02588824636166
276.5227133379575
478.48689653959394
374.6042303332762
399.74755410550284
424.5948217096062
352.0212162552914
260.2311455092536
429.2164937578872
378.1127115554507
398.0441373562513
316.0545114936272
572.6862170687809
397.5846742867915
313.8780363503488
377.5101882182134
358.1438422480937
534.4716112887049
574.2308515124274
451.97021098167374
343.24433881457196
586.9050762889833
257.67662259233185
224.33504495388397
411.8401371586813
427.5586130361757
368.70597261866124
252.14994974318978
481.8888090952563
551.7861153657716
300.6529283821142
356.8877723208742
513.7558457421387
292.71736119138194
430.43602002645616
351.5786848371379
406.84544679816463
264.9216483568638
410.2272509546158
375.37176709452353
505.2997288608821
306.6635864419494
478.5794267014673
513.5165646797085
427.71795363783184
412.5682392422956
345.91588657255136
482.2984394876235
310.15779788192935
303.56665569995164
610.6889820367804
414.8263871246865
426.7285732331836
225.4823308708529
476.97240288124186
475.3915779639264
319.8783017721769
377.76585081655395
249.90548292081536
260.75551937126676
405.625483896677
450.96416978232617
456.9454668678669
382.9164696354869
361.90138249394994
390.23253548903205
538.1471034411021
247.88964987421974
467.81299960492953
465.94324698732106
356.55556982426043
290.29848820661965
259.1519931104435
233.74439807032402
408.8923494635118
666.2364662365402
424.4774137978842
362.55394417546864
507.9751536021908
595.2199621211913
518.2677537395358
385.81289846488704
367.68665694071126
419.542674143929
348.7238471190194
429.88643987208314
300.5841562121707
502.6039541826962
340.5134092011528
434.73027217759994
269.2764878268864
341.46124398875145
272.0118037757137
235.9763907753741
557.3139891984615
289.6595114937118
368.17013119569214
578.081856541117
360.928328649778
318.9035190065466
357.9095375089117
309.38622062843683
481.5646534448117
505.24716429893925
222.2738818989409
415.80724714260316
288.750611335994
348.4415642090293
488.0861825485689
287.8150027234546
457.9949708063435
377.35042305260475
444.64980690101845
340.1148004735179
357.594322584921
311.9305927568203
503.18986642527534
308.6175795793523
282.552377707974
465.8487676728381
660.4047396720621
478.70200312569335
415.0527837527524
409.56806001173214
488.6502964262127
241.99812979782294
463.5177524033257
304.0119672014288
656.3774075977464
381.6675704889642
543.4056090227136
465.264836105709
279.04836681875605
427.94964011853193
343.7264089876629
323.07580227624794
342.3918887312098
381.1487763030467
588.7604786342044
212.39089702780143
279.8757693017088
367.4988497933325
377.17827839532606
253.72250684778004
400.5440113016424
380.1352464464651
232.1038311223175
431.35276926308364
496.5939972539733
331.55723618790154
167.54517466353732
410.7689993783654
532.3606345853849
460.47930211967787
416.51824237081445
319.41193177748875
370.9202091442715
212.1201881385667
307.4352439874501
283.37191906237905
334.18680857407895
421.6349143476803
353.6408346810785
432.47625546987376
556.6011040414027
634.9052918875186
374.33198950123705
699.8947914878657
352.63249940324687
688.2484053582259
283.13769259213666
243.21843868909917
284.59294237743336
294.69543313891677
661.0640353363149
265.51403433141786
473.74267972932853
325.9043973633186
272.5662620691866
592.4056476458167
409.4791548897325
430.13433593914056
356.3566797971065
349.1598130226118
380.99358996090706
553.0130954842185
517.232930297422
312.64733309250107
246.0214181547275
511.8924720600919
504.09286433663164
642.047734864793
633.8105390470599
395.5216011465177
457.7090143117049
293.41963682172127
602.6418660393358
566.4685498369194
320.20153736318514
400.1496886189596
511.70328970347134
450.7991886291737
669.889584661256
264.7754504085
354.3678541194347
685.3420701779021
374.28294064505525
349.98076994133464
540.7114434332802
423.12043732870865
344.7738717923532
468.4631185970143
412.8446513409199
310.0345405195647
851.2922317204993
166.9224514165854
549.8661146863602
294.36335849452286
565.9332585334392
388.45791952765154
531.8712572780909
329.0583007389869
469.84700527259804
201.2857458145847
303.92563047004995
424.1190233634508
486.48009174178065
333.66175678856985
441.6043670540315
570.3179088948009
273.59656911254876
639.8083876965525
347.0045889435658
190.22499431969376
478.7980953907279
489.83769669009985
299.52096089477385
366.04842061677994
330.2373596570961
304.1389672888151
351.7084156298665
335.6398064240466
502.81349913251466
300.6421523229842
474.1638770305558
343.155076448177
517.9287046270358
344.82321949312677
693.6908044533694
703.1197162422942
492.3984754222957
211.74709906975892
421.31197768903354
338.51272364501807
555.096181790864
286.6736942476349
440.12153761352306
564.7271673315062
365.25562980088745
288.47377039430836
522.4387219085348
282.20096340390427
369.42710556012156
248.25118461825122
568.6803822999713
386.01388071402204
394.35080008719154
544.932524959843
366.2060246781575
432.5534704866658
521.8240294188815
375.4038408987753
331.5159805165517
679.9062046078111
556.6620042953199
311.96703041108844
468.60655419104864
463.2642987121507
735.7174130636473
265.3563880889615
395.48250637887907
396.29178631681253
288.12415691232746
415.44182577104294
269.31202432025543
330.2769912808329
501.6601395294049
160.1503274265671
298.45855161391
598.0594484832154
319.6027821899632
366.6450727081747
339.21456919536047
378.6633885599797
545.3111831700253
295.1921769700237
560.5694699723258
309.8421567872734
414.30242980904075
359.9341024639218
522.2510758698078
441.82711449033627
243.1473434769369
487.37712015856954
382.4393133361934
288.6183593338303
591.6968366126113
385.3566804278801
449.13711370766504
464.5577468277114
453.02563256656566
174.80747284706118
519.1650534654511
296.82129700330233
361.075808057116
522.1562309925483
225.64771176944575
302.2054842180686
248.33522686944286
256.92878433511163
593.72435316683
241.18616065399448
461.9947719031947
280.180463884996
424.31345774793823
423.7850566007243
430.2831510396991
263.44235108516216
422.650833158659
438.5013109578236
393.9608952594342
437.611059608261
249.36247018348675
332.2373265091353
290.2328308522592
490.69542571607434
313.79418948431885
706.1499801660236
397.0507791379081
310.4657336217234
371.74347227329883
408.0143562635957
396.88082249023694
415.9608284474424
556.8134551772642
490.66562022380367
400.1037516582096
446.296680403182
385.9525424904182
437.97623964892506
345.69812503368985
290.2645978961155
273.3371701650442
475.9090840710777
613.2467309451158
652.804807079318
356.76398431129303
395.27979333009495
320.7494908113896
193.13821871370445
1027.956836995641
303.8136527483752
542.5322708512284
505.0316077599271
377.4067364459242
386.7849301357931
562.0403433638099
429.6893129445514
302.83597489483986
296.29698683501954
398.0464979404738
515.5962925414257
621.1120361638541
472.7326213868036
365.8575981293942
329.2859867345411
372.77306208351075
479.5831368722184
376.05972929392766
373.43278302165595
230.34473993505347
466.9873628832661
412.47725853689724
704.0958050744355
346.7674850330026
361.1004996201945
404.1649572566626
372.20808160409985
344.3492276576204
507.38660548385974
345.6216488862353
677.786690146386
219.56996954000275
506.1349761968375
515.9098175238585
441.51592529711894
280.8068557030994
335.99284825000615
404.81562850556156
313.83858873943615
265.9070594747088
262.0786667414572
406.9768745178089
458.73808003145405
365.14536085522064
622.0085180591796
489.13440308046717
354.1154589089806
314.811592558635
329.3819405978634
362.08613777049896
507.8525878267721
234.26129758948923
303.65440116176336
401.9707116358812
348.3907278732468
658.9030232444438
504.4148888051746
879.4061187060472
512.3917197266669
570.5221769853135
541.5901110874102
389.0383703420149
523.3812008672744
743.5403373413519
438.3597722146237
346.27530433928865
528.7113846004037
281.9325576147155
270.62865079503916
181.25912594654383
205.27919898681958
387.9098132229424
476.4704361621899
399.4692970974007
360.28254419206513
545.5647653691874
872.5720716582216
625.0739568632447
401.6695357424416
341.6372589167555
442.3737066288274
366.65688380108406
393.30817283993105
365.76775250104214
335.43002722154324
430.5997168971811
345.72551198269207
739.9147896468123
377.9875704917875
395.22811942389245
534.5935453628288
405.9923910676564
375.8787631922012
444.2781914377103
357.37850774790877
875.5456535556305
282.71185512232864
423.07797415652755
369.81289266676487
494.7307706020535
295.99952548037544
376.55118389495186
295.1687828388322
401.7001915547853
313.0498953159514
369.7445918915846
332.4507933845583
404.53053373434597
530.2426242106358
241.23471539959615
243.07375499432064
342.3295812502337
266.8266263105253
533.149472011842
361.3896052361762
516.0255724176537
512.126135529095
274.72428796967716
459.8834822559565
414.12505207863666
451.6840449199197
501.7959969519632
391.0185140786898
387.41254723762063
526.7498481959826
199.50695439916834
354.267489776448
448.91207940952654
581.0480530947945
334.5873669223221
724.3101535338659
209.88919766827127
394.1856972084838
302.55842368985384
367.42121118002694
466.6705865519812
300.03819218708213
479.5299051238374
346.18801169276895
334.10161869541395
639.554119940666
561.2231015752036
363.4836163220474
379.7945179069801
512.5257431195855
323.38642688827144
363.08434817647105
350.05038614303135
370.5137139823885
286.76867671086814
523.1150854451082
425.9871297486657
411.47233254933485
219.3286723489975
584.9865988439161
600.2079633380425
302.31712388695246
289.1026567544654
349.60352635148513
226.59374274119114
289.2217224584298
762.3534935052336
295.48036943853737
394.8925600339614
508.30178493481145
576.0136693871801
317.2482614377608
325.54989018848835
169.9167867552628
282.8291910447028
541.7023761963941
360.970520167441
325.3300962422187
635.0067061788112
520.8529365079387
253.94111316902908
340.910343870625
461.72818361513146
291.89674423612234
383.6973513636412
343.2714707329042
590.7308811851452
384.31691412183613
567.6727584224462
408.0958646789153
200.52954375027466
396.70766284783906
248.12093410312082
295.952292626571
461.6417420446677
412.82353839656116
449.61053853840315
378.82745400025686
415.2944875314919
388.4698080611851
275.7001022114259
485.7563711433088
730.2445246314904
342.0392468995741
262.36724754633406
358.047161666432
558.7477633892058
581.7246301063456
431.9408993837581
439.97023686647174
426.4718602256463
488.988764548011
479.01558613463885
448.0591125850723
364.4642760034197
420.2991319709327
469.8807676367798
573.6072242825236
306.70256374359366
262.3039288300936
302.0790479944957
362.4734764320188
582.8716232542806
225.93444762544593
296.1733560479912
337.11028900898816
468.550579649037
758.8288481747509
599.1511709721184
377.86530152003996
418.6553847684602
560.1743843852635
413.92129948431847
506.93111905537404
454.64495716452325
654.1115880510216
558.0310225211063
505.87573290148106
403.215503877819
276.4448023120239
496.4645511910343
280.6375584749545
212.8508887292686
418.9817968481563
488.61666019461654
560.7772807770009
351.66547877336563
424.16852439037604
418.1164539659108
517.6013599995827
660.1428520905289
375.1152301445869
253.3937127236583
279.00011270506025
572.4978802729213
278.8545667930981
473.0028408908927
501.0222716593388
525.2413939751676
526.4694988878525
373.3843303156772
473.17397320156635
485.0930879920409
314.2953447919851
975.1104720181743
543.0865857298168
436.5342598896077
405.5493165012106
424.79582303478844
243.29264967132264
366.2463476365564
236.96643261881763
836.0712990573354
352.73058038540756
203.2923134943802
551.758029194547
247.58883472335106
515.0442526586908
282.38411545792474
299.30318561497734
333.8166892592699
342.48150089967174
441.06547215122237
540.3443900598014
626.030795825965
409.64162851439124
464.28145152564184
356.11846178358
265.40684904301264
620.031605753771
335.59947201136214
422.3378680995255
345.8788282210712
319.10724616574555
260.4319072648159
446.8025516203439
238.58308428178685
401.73507740947497
396.9536741262329
476.0924377360439
302.6909861949453
294.4761322322287
444.62187193416196
374.11733015566506
522.8825895660996
315.78767347562535
344.72013192862977
641.8112706128418
573.4264713657576
200.35873569635342
446.4785056824252
596.4378191977844
335.3847612684751
492.361679082539
273.9955565569649
416.1038533119685
443.76206860434337
518.3935215084005
504.11323136768544
335.46543768920174
459.54889104616444
354.90060515070996
363.5709751756752
479.90641222398705
328.1759657641154
371.58279391000326
254.58581656362537
300.5180842270002
809.3394926793175
361.95762167181056
423.75593663493436
557.9881940169834
476.02072008134394
262.4579788515251
423.9133928661641
526.2830482770273
604.2492974289346
390.300461966615
532.7759373492796
313.07281170036606
439.58819914013185
348.6562964171058
345.3444415937291
433.361739522341
467.2512125714249
405.6875047334589
308.639894680434
440.50282095537256
337.4042984262305
492.284012086927
312.90602829565165
392.1973828864748
370.98917784102184
342.8499686381736
325.4184602563764
358.01971865133106
566.3048568834902
359.5744206356794
440.0262989188829
333.9122088473582
520.8123933045902
375.3360453695691
426.36248503768235
442.4924767800004
732.2006121339368
516.3114310654607
420.38573632988255
758.3361104216224
511.5877692032198
433.879924990958
247.46196281380898
474.90589135213713
374.5707722630926
233.59470577077585
322.27436540070613
454.21543141665245
373.54537384934946
286.2343372993556
405.2473771810748
259.3634993069016
402.3780301214229
362.9103749023719
536.922206585587
554.5909787493179
233.91784689756327
647.0446447518868
281.7071375277342
513.6194800804562
476.4091581748249
450.434870842986
624.0700606687958
306.4312277746855
504.45270070455035
282.86232005464745
273.54134233961264
456.2492311130719
420.5464401581958
510.9062380635407
415.08184597556476
569.6006714649927
496.2397520320447
324.87714896440434
336.6167910773504
252.68458561025315
426.19810213921795
596.2910886923485
424.6925953880823
500.93626752928407
285.3952704870001
322.5835005077833
549.932468087895
491.70780169831755
334.84539863718476
278.392795171186
409.22355059692086
393.71403819627835
447.56896311778127
435.5646054350811
549.2101006077886
345.0228442045757
431.0847283044479
431.72535070425374
426.79832829989806
333.1233256833262
461.20326587621906
246.54477606228812
462.1728656355715
489.3470360721026
552.7156215466671
382.2162440423272
315.2194549865882
426.61049845837056
405.6736964657638
405.14478371355216
400.26453647195206
371.3579605858915
283.51861381377023
525.6836034296144
361.216290395341
271.28285706696585
255.57095614845466
425.6448448289136
702.8974923909478
989.6489800652641
493.60149166486025
388.9831009481402
484.6768146671518
635.5987233270725
650.513551855667
352.4753325290083
454.55286984182624
514.199676421067
342.8090358472966
587.5521716828003
439.80538444557646
381.62014874446226
414.45794674959063
407.7960155260338
311.45144222083394
417.365160041611
490.3726473341651
627.5045668673578
285.2034616009825
324.6312261761729
586.0571543134755
395.72433150133736
468.8490480081399
480.352770244071
198.41146302130042
530.9380574636039
318.00437622379445
241.50352905460255
393.54068320071013
433.4259595938475
669.0222781698393
373.7161908319222
357.96320845186125
318.21304146968595
389.6458349364103
449.6082395772256
451.67616382837684
428.34128861428746
317.4755023317426
591.8654952952211
479.7200221451883
817.810500684405
364.58625851518167
579.2384138694532
292.0889622825534
344.43157398788645
346.9608569527731
459.0384525150182
327.86552531444823
587.3857860968774
638.2404798482152
502.8613319110437
464.52747947350247
325.21082385041893
370.3503413671421
489.54565521429447
287.49175900387206
306.6719209748909
350.8911540658462
538.9359145826179
391.3309389183346
419.04132426204575
356.2305906004592
398.9305837773924
387.56176869731405
411.87478417229073
351.5368977883821
367.46778952595287
396.4061431308916
490.9332579674707
295.90884253219946
303.7793085880957
297.02861685416286
257.0725290719417
343.1748321424582
397.7332296605711
362.26328405073474
443.856418590871
286.4930054036306
347.4761034409233
324.35148796151907
561.7212896297092
536.6514317339493
329.44066820917357
503.63024117644363
307.3486302003287
320.1105808538837
390.9492198577189
310.76029719432
466.516824882875
296.35404475905267
282.67508843061955
625.431258255045
426.1409023305512
528.77757031996
513.4032474539159
351.2175285496854
438.6352937019408
459.98102179238964
422.04642825292615
537.4359916457196
702.548310836146
590.4192943489107
262.01610165405083
440.42678069099867
319.62434077202505
448.65437653933304
373.7889824952463
434.1726919151788
484.54257574741933
350.55825549069965
578.8121712657528
397.4559276336304
645.5561187176686
321.4966865432757
348.4700809006476
362.62672313939566
516.7596112740575
328.8944400281967
360.6150556614546
403.16012056420186
434.3971162611607
388.8048292345709
289.44510890708307
688.8914352924419
510.53782067086786
632.0079808099728
408.8076250523348
342.75565441260676
345.0543031138296
401.38461072776283
302.9744610017974
420.2277325143325
237.26808747187698
415.4642586791413
307.88601437932255
366.42037347549507
299.44698627326216
436.51467262864213
393.47684834682224
460.95147531346026
470.42566301829714
398.3306539633626
348.7831972956063
490.73781928915
220.53912084034002
497.5140898718638
467.27964153319164
506.3940261873175
665.9377072076367
437.47127757964137
215.68087900580414
411.0792117066488
583.1175421958817
697.6225460543361
453.0779378429592
608.8368213132055
334.8940765746833
447.1040002562687
276.183404782269
408.11319430512447
568.4601307906461
461.3915621856006
265.0533553529277
462.39800519710644
287.3541968749603
466.0581628789037
299.6470925991618
542.6594192658996
403.37009755291194
380.7111723602367
545.3569950504824
346.4102304455074
416.48727519330697
644.5437662297611
754.0290190865891
631.5396602373711
346.57509512924946
419.44933046040194
452.0956381586132
430.73262667289094
473.42330735656645
417.7033977111789
461.51642443103947
419.7174285070529
347.5187023874161
274.3343112680664
387.520572008291
347.8863287037811
376.18062935208786
389.60203943040295
489.29168530993246
365.08501797304274
362.0138996516587
450.5464272575314
347.8777085340228
371.98109010988236
282.41977233644246
562.8446068192792
349.8604050510406
254.82266620095183
231.10160810761803
372.7372386239894
385.98095607568644
407.81305920379236
452.46105809232574
474.6110113148143
397.51628947373774
702.0669665246119
491.2404525921896
618.122560223811
269.22157976312064
339.12902457057805
319.3813807205586
447.28727818030364
359.2226963448941
498.32076441468035
302.45077799874014
470.89099875958215
296.03358226367794
236.53228708187027
291.0929438107398
366.93501769967537
338.8249715664975
304.1825541427907
346.24957489890005
359.3638604164864
319.27442843349047
456.48520853104463
407.16404067024575
400.0242837405597
341.7347036318103
372.97593625139865
529.8888802217235
708.8854939029865
382.82866591451756
264.7987053141259
401.5624206568378
462.0248926274299
475.64027628565935
454.8449515962163
248.55274518805203
357.3884661229894
408.56179114084136
478.69390298622255
567.9626901111525
375.2851995378282
708.1463855097439
331.60534253783055
238.36871815432357
446.207572686029
337.1568477374219
561.0042146658657
743.4285038341797
355.7419392184504
255.03773972428698
228.11958407404413
450.254733172384
584.3248469724718
305.86837620036874
252.3496821572367
310.5353414360528
496.5695035380023
184.56016298753835
671.0690281775587
405.93981192517373
381.44803044091003
319.51628991813266
425.1808927023842
636.7687695717389
294.1756927998942
501.9204813685207
565.725029973979
441.1552921224836
423.6085895874225
525.9548563289914
304.6060837467856
323.6455740623547
337.23243353344355
340.28212623430994
279.97485308790914
597.7178240445842
381.97952116879003
378.820635015833
495.4865559479334
516.0736044733848
597.9859033667798
462.2418389778028
465.45113911139345
335.78538939348715
709.1935457060098
312.769706358459
389.07740627336153
429.9534425281615
392.6880532438365
474.29119154982715
461.0319648852721
406.595978231878
346.0907962109388
216.51312237852142
279.36864499145094
638.1392400498052
810.5987918027831
420.82608512929903
431.5378655114055
325.6592722858344
320.87349886077754
301.447480887007
243.71737977086195
405.34568261968786
250.68143411907363
509.0526984913991
908.8378056014948
410.8727320241766
505.43660795557236
564.8448722694311
403.57423629812956
325.49132667706346
398.50969607793013
361.78162946964426
526.2250013055502
386.99585899590153
454.59782186367266
305.6015387644343
357.0503119842029
336.91275409862095
426.30831685444383
354.49682030262414
247.07937629241394
285.90027127995023
433.68183642994404
303.98939715287224
291.614285416578
616.6336761606916
387.17345567973496
230.41267038394517
652.2531565233138
283.05736683239485
316.0018412289213
473.40724083614145
427.26788460804534
289.28425398825084
611.0312957169303
442.20090589774617
497.8296943222543
256.21531160760253
260.3440017002395
350.78031607633403
434.923109949781
351.73464763028284
936.0693155717627
407.69630620329735
520.1854979715915
222.13249181978586
369.8679030552385
396.44685370917176
182.57547664284385
347.7443031618355
515.5689970648455
563.9771978518672
284.82347865545023
533.4557640176598
471.95789377409676
269.85592658891767
656.8098974456589
339.59060143851667
261.3741739675479
345.534025290987
241.5613083227857
297.4856103646034
394.7830335618986
331.90377623720286
532.421035869512
351.6104523400416
368.31377550333343
568.1915574587817
360.0220391168497
366.59255449625823
359.4666972409193
402.57913848181045
346.4896316460459
491.8130465523708
491.1502070194468
390.06162364720154
478.28514265347724
384.7709343440645
422.2854632881239
288.9972293768184
454.29995868002663
555.2702725532021
592.3876811235758
434.75398852482607
502.40226868669055
274.13974084836155
462.1825262815199
206.4650743826319
605.1984039353273
406.0489959767236
299.5754208871733
340.6714807134399
319.72161086407425
414.6908371180628
527.5879443057754
531.9938686038705
390.03927984766966
421.22603700326715
403.3049429278938
451.250702308578
518.4318415479527
465.80747680436167
596.5795049346457
349.9522368410895
310.5640543159529
364.85671713015336
343.72047313672147
474.8124752839218
491.3124299343155
537.979754786532
378.19789135491794
349.7825225903813
288.2119688253631
350.9479692252694
336.95694968221807
450.3306944291462
402.6636030681238
256.44576931492276
366.12768174278955
521.568050897918
389.7880312926383
391.49441105387643
481.0745354293146
455.78266566285305
513.0772924962379
331.20256209862674
438.927252236614
254.13493276555707
460.0681029181211
423.51170036975617
383.3567352351781
456.5440631810103
350.40092577798936
261.24822845922836
332.9762545177442
269.5975621060882
442.80681706614894
412.88353107586414
313.6184738977227
443.8729493415987
520.4709536423431
494.3687287168349
740.915926017709
348.85601163185464
567.6151153043687
582.4945965568453
306.33692102994365
686.7946243305995
523.6309975274589
458.0945670843935
461.33231145173255
515.7389745134012
276.93382659409104
367.219864157573
715.7965588243192
438.8963269319512
713.2408083964319
457.8205348360311
548.0216944809794
334.98491270005115
491.61081865048754
385.9318846423469
415.6568974855754
280.107070750936
395.46528742625236
447.1711931201137
309.3531239354649
482.3220799056064
406.218184240457
309.6186013054465
475.6802004655119
223.0207130985443
336.24856236032986
453.66596594202474
320.32795060376594
540.9975850334428
297.82022588800305
349.5279891926666
254.6423229863313
533.8262221739946
515.206548000832
374.26565672611855
301.6925300874507
594.1209033073194
426.59254631050436
260.07576310693184
486.49206561273854
816.0555729638111
659.6255141658249
336.579196664731
814.9831284892878
277.07836879773123
459.47971045968495
430.3514223331097
363.4498724190068
443.81430568375043
330.8802219279329
420.8934774736845
380.1698767770713
579.8881276568088
333.4620754530118
491.51304823180084
667.8037136242478
435.2628091297259
643.776554761399
492.9860680258031
603.6152008211487
322.0682713522655
405.879504163892
448.48366513641133
346.52153575429105
464.0401639778604
490.16477379483774
456.35289173276846
319.0203155983028
325.1487653584187
391.19573017093546
254.5278611011338
347.244087928988
375.1542301990807
440.5888338082417
382.1707742848862
525.8217264415899
434.0319011759944
393.90653299031305
296.6601677194806
379.2124349967111
485.0132470418371
591.4579034391718
394.47991285480606
467.5834462952833
311.2781808254171
455.1758080143162
366.7394496881419
662.2157295388074
581.9032812000471
318.6018742210651
377.5974603381471
425.1224399332348
331.04467822832913
418.0792145769086
321.30710225636443
463.1266215861452
449.81730023611897
709.502941112009
404.66148898298405
381.7180457801668
490.568189915822
477.044230264691
384.55010690006435
242.3751599113949
329.80421707274826
468.96949464937546
490.2286414466517
586.513819627106
439.5328650930237
601.7109563141327
544.563905435763
426.03179270983236
695.0317341725904
323.4687416688949
456.620012818573
326.8694479646345
456.51207788790725
407.41624305954434
446.77687927966974
484.2759696133693
498.01931293921353
319.98758631720204
232.8264743233709
325.1864939959713
387.67482680927844
489.235535284586
277.47611252771173
406.64265953060357
441.9947018489185
444.46821754013877
340.7944438231712
313.3176535530549
448.9444861937254
315.889548535492
447.4636534758749
305.50825265256816
589.8796829723524
289.42199625664233
589.9826662008342
474.1872898300236
231.39857064135055
266.23996092132006
306.8268319038359
353.80228653229807
281.50492178144117
262.2269269965637
519.0757714245999
654.9167949712394
577.0776856080524
508.9166976660676
504.2096981062499
306.2439613019673
366.39158983218476
339.27436731602285
327.62686446025606
300.81814645282856
771.2537137374446
328.3768335900015
369.674099376575
343.6691792105511
319.07751691917406
271.73913545519497
410.83046396477096
380.5054081461913
634.2929564074905
913.8861889157881
362.79479690096065
436.75958696704294
376.7226353938973
412.6600900047811
314.42122413010884
388.65972983750913
270.8532288184306
321.04589154438105
726.3717201421674
409.1833934490826
212.43668675981033
493.2820057830415
462.08723173984555
433.9450881444806
497.5335484604687
349.4801317641813
357.1875467073282
261.0996566284979
688.0788889717849
494.5015059583947
398.8898771267912
404.2992656780862
384.4784446801884
308.19079551583775
384.7580446427151
369.13573096984186
301.5593923194743
488.5179938784543
483.1065821377664
460.7849652828159
299.8949649733523
629.4402833546636
821.4021363646033
672.7204309204025
321.1598694620917
481.2590043889268
466.3184496218084
339.86041544428355
372.1791667134166
510.2600773781897
664.1183636204621
581.5403721059139
889.7351326399005
547.1582150674037
423.0224486261283
776.0315269293079
718.6268793019436
335.9204800238808
594.8273860432807
788.8051568831039
302.7942524821733
428.30445070559097
503.45006657720205
384.56711606901524
402.9738409486533
630.2556395332031
661.9105127756865
305.3854951513846
273.22407848045276
257.6085119675926
316.8408289602488
438.2908243125328
286.9387225702227
343.5961367649756
292.2058162065951
366.69059764157936
344.98522881062115
235.12705247489754
543.589850218453
329.5765811028787
397.9883359468693
443.75830852033084
353.46391840049904
423.2977947457128
459.8625861404254
318.7273588823498
289.59347638615054
385.19902855377507
429.5177884631364
579.033084575628
663.9527904897816
314.2276430699597
428.9692882066267
461.3640289119877
304.2645918919947
461.8014728372989
359.1468816135777
745.2637786596945
399.8313887349692
694.6324518816518
391.50466116203023
256.3898069783446
279.53830196349605
252.51204747896261
324.7858195509573
416.2839639635481
379.2639649929056
363.0586926716276
327.5017164231956
442.13155167169697
443.46098455947316
576.6489081883437
412.6392820834591
377.02494517469756
346.6928129952423
840.6355249554007
384.3034658733329
323.49960711631775
410.3738636452377
594.4184445327336
581.2076646751981
588.0886879932684
341.9501942362595
623.034402183756
363.97129031828763
332.60049270740336
319.4498684084681
536.4782220220742
383.41425213713427
392.0644580339156
323.1961874104671
837.2541716845398
587.2518616531969
255.34440541046723
545.8075501070845
596.8110298187796
376.7148782616391
387.11867785307766
340.16861831663846
348.2657349354131
437.2221004305421
552.6562759203796
547.7318847367151
402.8349918595122
480.82482596564955
367.7690707428622
389.5610775512647
380.5595029583799
255.74411758572697
331.5097533450608
390.2647536731072
281.82544767853494
354.12668120811287
279.4658466161406
289.70118709365556
448.4632809721315
296.4680813501052
559.7091752264212
390.33407497611614
351.9620905266303
421.5619091371506
183.60510245907906
279.7689337321243
321.01922839013054
694.1883764447357
361.35590137694135
257.22221789895667
603.0134879831414
486.6175808158092
394.38043934250294
256.66246627054124
342.87967336072705
333.3190567618754
511.66291396794577
358.3938905734562
445.42490982280566
369.59117692928453
378.6089101133306
494.6795972904892
213.6634275263564
302.2881635843685
540.8826696578444
799.4807115158483
443.69000248410697
380.96190830279085
252.97648419259352
582.45683400146
296.26419986124523
622.2486513386336
409.2527218080118
259.9509378472984
261.45748856687464
453.5586628354324
620.3200678619484
326.5875334257406
418.38227534660155
418.49329713448844
340.69490088116294
351.49479458079327
549.3707276690734
365.8979088138087
469.7510730012405
453.79420548931085
484.439294037847
195.228472066008
457.94609831405353
495.5475982418979
376.8932296188534
591.255694108613
289.5255135515086
232.77131307443247
485.25476984762213
430.3209949946674
305.7569989130702
354.1809945349234
342.0927499946904
373.83883399464355
422.91372183273484
380.7524640302154
370.8716539725002
386.3222950741831
308.25409739653213
403.8056646003518
268.4253223163603
564.3138479197828
389.44004132310795
471.8439049964707
295.56290485856545
525.7697824261
563.2309059423935
328.1212274166052
480.80469065592524
319.7673235847892
333.2847489190302
361.1243608600683
293.65190500324076
542.7898280302627
329.2496774793098
261.88365464633756
691.5853476163579
485.2038525792641
293.9177071293883
355.40809812496184
416.05523328610224
552.3590237369511
405.5086917970409
595.9536494228364
390.20175434314575
466.38365316919015
548.5036258037906
310.8387824615861
559.912039288864
305.15913518371116
590.9037680202882
298.5882328290591
430.2177598534938
388.6782973545315
643.8572911518792
561.5297038673311
254.3500893130871
333.49253359865685
445.5241447183516
442.0750346332398
380.34633195334493
291.54415842140804
368.0792745366104
899.8834833427835
429.0364411250075
262.9996651629584
488.3534259226461
477.95108093838564
231.82145257811428
358.75556827275506
619.0130128540259
320.7029960406413
304.8983473003492
452.68270828745676
304.3610902852871
281.5404170411996
351.56636457648
527.9791985709002
333.8053469169758
401.1621290066475
500.2790235685356
466.9478131513733
476.814385368308
652.1584024775206
902.1536854747492
346.8779557055993
250.19426036129585
434.7762252373981
524.0994803260013
349.4350480471583
678.1073026279253
415.9163924384702
495.7866639866423
457.3786980238103
540.5201817086496
395.9036280724562
459.61805450629004
244.34120984463746
546.0632433323617
413.71992132624155
223.31109018923996
268.68505119694606
741.8361055844649
676.3635738801808
274.9801319609214
446.6064645211773
463.33630374769854
317.45156756909563
287.5898066323743
265.2036176788808
147.35485024715538
308.9424691522347
452.8553590683404
358.1905113020773
412.1065382415104
465.3123767528655
502.2805416919692
601.2269772247639
454.343297616659
346.45144992744775
417.33567241885333
329.9021348962918
240.0462912714873
321.75092812065316
246.78569735508725
443.3040291345996
440.14407955273515
343.0598910438429
414.77374215489294
383.95858289781876
402.7095882493149
273.49046276873855
417.4527596851577
329.5991008086858
625.3792890320734
328.7740354009149
368.00355723360855
383.25795985361253
394.3205359028263
344.02421715186193
323.80910708562703
317.30852532464525
249.02401850968937
250.33513607376094
630.4028435099207
319.2128350636587
501.48224561541116
489.9108176311263
428.74533417122893
307.79043231836687
436.21003229093833
407.6047854655903
396.4342480701568
492.2240578454719
695.8968600368893
513.2845968375468
209.70953390428735
689.8756699153116
530.3591512157681
293.6145318996175
574.6216764820186
481.3244994693932
364.88540023100296
554.9342537860163
404.41131958299206
452.6283212117835
237.3498519228347
271.64099311349617
637.3928333194656
474.70827498657945
295.6420484891336
315.59756351140226
235.8531345080561
382.2214928448571
432.86236063365834
576.441302379969
385.4812131519491
346.3082784119295
536.2004059360445
272.527393429317
431.7632498650198
307.47659803398756
379.39464463417113
282.9892126269305
548.7423905487447
321.8599586161063
512.3305017049569
430.84860325382107
510.17694245458495
327.09141096703036
402.30759663501556
607.5394482424531
393.21269918510393
425.7775395222636
368.838020588292
414.34450484196714
689.5479537476257
728.9892854883477
386.49148924890494
393.76311526940157
384.72959401905683
483.40771224267917
478.46420548787114
320.595765760127
504.18669276894315
287.376107502796
341.5857992485469
636.2338042187638
364.14083726881233
458.44972634332885
473.6838764819043
357.1175519086054
344.3082330780699
355.6925672031003
494.4081384909234
425.6104373325839
531.1129673807584
373.858974627194
320.2842621769243
275.65008810631826
416.0306818947003
596.6576935514948
304.23493964066193
578.111705551198
235.62742579934726
446.141288064064
369.2078627802374
386.2251515544396
574.5489583745984
251.25100087276937
390.80934899024965
327.66444250585914
290.55462704441794
429.5719866287279
239.867319110159
503.24530876927514
551.911570538558
447.51630596669514
271.0503065321188
419.91900730487157
353.13384579141973
846.6495604197631
367.90467691185904
387.74081459127547
354.08423736714263
634.6347039137976
421.50927114721725
498.47269003280536
328.07729259940106
377.0488903576749
740.5133501002053
389.75674290498296
338.20637618617695
566.6946298740523
321.8911480947517
287.09918953325473
314.84345037151445
352.8797396496393
372.28162988104333
349.61809054616197
503.43976383197605
451.0847482727189
460.2603459852199
509.6536037588007
341.8622664571724
326.1901512649932
341.4004918700731
348.3398919538853
405.837283198013
323.99498226990937
436.0629805088249
575.7169944807215
291.82263653089956
328.8339168439325
372.0968037741095
556.8772653875083
416.8457514594331
672.3233756644647
370.2787495990437
555.9239759788911
303.37898801119627
392.3399760314807
453.72785283556453
320.0606232256671
210.04892375318545
423.243443364687
698.9445576844034
569.275556772919
521.5478902031734
696.2650086794165
249.20233664150598
255.962293743285
438.32179331328337
495.282282883888
341.8093234531909
392.889338400306
469.3644205909854
409.8201065694689
292.64347289242124
310.1933053788091
498.68834772600013
228.88600685483243
286.0451765239125
257.5193628543659
342.31784832075357
252.86984025255657
478.1214935225951
439.79082941073176
413.75681156532124
498.7682752235883
455.9863385377714
603.1758345805072
252.07627732130734
560.083038549273
470.4782919383629
600.7939400327139
754.5479132206276
434.5338405862406
610.4206710187167
432.3737782374218
389.0044994250128
368.3450419086286
318.0575378168263
768.1680101625653
338.73199903548226
444.9743612453073
326.07552057568574
294.33097655037636
477.2983246552116
449.3303365996385
673.9963476093181
477.9194717075865
439.8797927638199
307.6748264359722
437.96499264284984
336.2003071627384
323.28309048619684
430.9550066580207
362.65774459125925
391.82522374035483
312.95668176310085
719.9008374016029
388.6003968418437
305.3599317005002
392.2647858120652
598.360642726388
453.00884578304664
441.4701300741956
316.6816017304326
453.1740158454559
391.12951312561137
430.544673955308
272.85265377071806
302.9870994609237
243.39024083660524
429.92691676198547
278.79275439240956
264.4105229000194
396.54112247840317
541.0593276388415
294.8267083753626
274.41089692134216
414.2219620617164
637.6566490372084
412.67863629639714
281.1185132993965
598.4495613679422
376.02707484294604
581.1139645628227
524.8920557254534
396.8350110379326
834.1254510505001
411.983459558009
377.8165494828703
331.3978709269482
642.7781884910411
317.4165194664366
505.92655461232636
304.54592036600894
777.6691703655432
400.6389548194145
315.3537352018522
316.55480824445783
355.10190074917074
539.2358124695161
322.1464023652154
239.00509983209943
574.8702580768384
337.5531772695259
298.7982945078619
336.7831149414565
534.0001761063115
429.28870648446724
312.8097990512651
858.3371610331371
434.57254892324335
390.5277915780949
386.1688419505702
273.0947008368273
477.0155534534361
369.065996230967
398.8061446180861
433.29654341376573
543.2633451133701
537.9303902290875
656.0617253099039
328.4035754939388
538.3025658214142
235.72011222879743
314.3305145582831
553.954891161011
316.80667709032804
381.2255191627647
230.90647170728917
336.8663434260437
631.0120546938327
512.2173393335962
317.68196190691816
406.5641482273311
283.6802064030173
529.4060763742833
272.05093420897344
313.3522350101828
617.1770350113528
463.8186747475517
440.5073418418256
297.99754157361656
738.2880664176253
496.2655576482803
370.27108603212724
559.6883088806059
338.778788027834
499.829714085082
262.3924810378867
254.74342797430555
270.10615274937413
547.09348684702
304.39232363259174
633.0582729807899
283.44453041282964
438.5384749896578
349.64341162527495
693.3577927736699
375.89853722399545
520.2919692004107
319.1862574150024
358.88577465944167
367.37815199075703
264.0693416604777
224.23802052106788
529.4811002032641
530.43311949065
314.744074574407
607.8658852942614
396.0661812157957
534.5507232350258
458.3699463133301
329.4990752556718
332.84280389996104
537.5775352849671
365.50920232994264
413.81681012799817
350.8386925068156
574.8305120602143
312.4369760378613
386.6330623155126
482.04739384782874
251.32418606135255
386.22328414259675
320.4284366345285
332.80996065565387
337.0871000548724
367.9289606480428
360.0448889268577
417.63222823537825
330.03343023247095
445.26312531160755
494.3172215220623
536.7913786607741
472.4154699628568
201.4761524907221
447.70230311329186
352.60615894779374
359.7819045950767
646.5281331703356
460.461798498812
236.94412807210986
332.8605851651389
308.80207211011225
373.76157695444414
531.0415892930799
416.16713313605527
232.66761932502803
548.1713216046661
663.7643806545575
319.23227082804596
366.30827132792604
474.5914972561531
292.899166857962
291.6822029141519
487.5757113193781
361.22796806798976
365.6811937745864
450.4800855661642
425.94341136967483
506.32696206580454
295.79244355781793
368.0957225827783
1169.5451454152476
266.74168942172423
495.39117141614565
272.3968078482022
262.4885756860955
355.08587463459077
480.05820998085534
383.106087146867
399.7970361474461
395.0367590176048
305.5421610828938
359.06377320449127
756.8787449620932
206.0521656131819
173.21520240452222
433.995393434012
347.1796186841125
412.543442795034
464.6749001537954
370.87716729019724
444.4448106603608
226.00793557418754
313.0000704975078
445.2153750032912
507.75570527039673
332.2633961452018
306.5428467025662
462.8415326499764
593.0147761270354
415.12125278950737
408.71609647522956
508.45138225062817
496.89545924439324
342.51076246878847
537.3542979435651
504.78301689789043
345.18873056765455
326.4292055425732
585.5075189250958
366.5634543430197
606.4096470810871
353.9135316871147
435.5080356487355
667.11806590926
458.8275187407518
467.75753545958327
364.89725744503636
463.2919039823382
442.48380740064056
210.31746292971133
360.1426143897535
373.52093874236067
303.4741912085629
297.83646112402573
497.27298763051897
511.9740973288403
580.2623673058047
304.4670105860811
473.9144452310774
528.6528584339445
264.6716691399798
494.97960997189676
626.8040198753131
235.32325653691538
389.2936446199692
325.7092246014057
364.01828086392175
361.6687851058149
222.88016992759634
503.30500705800875
456.7469390500494
601.9047535750941
309.1487627985952
223.57805113616342
381.1682954171226
403.49207379407886
544.8362999707249
339.42026465673075
224.58004507379883
270.96507031339655
205.9183788767193
562.880749983052
510.14506439516055
507.7884871145092
421.0638617662094
445.71303444488655
597.2385464714298
394.55452539142146
568.9296555537541
434.25512097060806
328.9902064595525
275.4847556429223
522.8328359819695
263.2559822076962
399.0821548570317
519.5344288914106
356.93329916592563
436.5658955780256
391.7083058765537
410.14886645598284
307.9724660687405
470.7777109547113
407.5634036841274
239.39737366938218
359.2500650013919
369.3239058130257
314.99957576578026
218.40916459539093
451.9213616311433
424.0498526129768
669.5208549811857
392.1869219161434
481.4765943337607
388.0037051830493
562.1131348541713
573.4520423400774
579.1170903848327
394.584813160061
425.56383156835113
594.0074328024582
219.44443562379502
692.94555703528
338.3735745481203
640.26103925748
448.70856489638146
609.4800368061025
424.67734767497336
353.7592811442697
347.63716957317894
311.4114129167466
360.9614122235354
267.75815910022857
488.04324847687246
558.6115839039237
329.95731730497334
503.57155471542427
432.9389750511126
303.02948882288996
220.80985962975936
625.1863720789777
611.4079809252513
517.3596841163002
487.84940129413997
433.5373719230862
261.18194896203113
495.2026799103676
461.8635935135187
341.9968968990043
320.5208029371908
496.7815535979605
309.0310626824782
360.59820097747627
267.1050344424567
241.87854547111218
511.5681096655734
704.4478249079839
481.0377712166585
518.896432503077
381.8049906155708
473.0557655553413
365.0054141360261
329.4631144507837
355.320448181932
464.8013591301558
618.7150367161829
644.3840232916294
480.60695255978567
227.53695761136848
399.8984360753489
399.9262762864322
449.89262010910306
217.51907354002188
555.4378925646164
207.34073699041593
417.4274091472093
349.20684602353555
690.3511543736207
533.6519547481837
360.3335628743397
387.1618352948599
325.6520678463656
539.9620334115938
334.66804882867666
507.2436640697601
308.54970172445036
199.19356061307454
592.6021277253151
398.23061649092034
412.19599513637
421.1777282354925
275.5362193848
336.4726539796891
519.1060377781225
240.9795968600563
652.4936264054509
365.0305891366771
670.2244264947739
351.8097493119283
253.43224725554018
427.4338924561816
570.8262385732896
377.61634797290765
400.45516167442736
271.4959451461751
434.83001320656103
388.42233619450013
436.6899808842128
253.6480153167534
293.69409110383356
475.0078417125733
309.09998075554404
408.4233578176447
281.03098426809714
465.12604089888316
342.1841871975735
535.739696318478
422.5017657634034
372.29889184104064
246.71104416611587
266.645595350816
508.50844531087824
220.7563838171847
307.2149220733998
456.7884493093991
353.34069735312926
534.6484290641523
413.95446953703185
402.4176228565078
564.3968537331634
374.82209337880647
615.973642189722
251.5968025931475
416.22814807714127
309.86885534577044
323.7038366147371
357.7542433681219
307.25128249271427
551.2492959269179
457.65583362294433
514.0628393158158
424.7501035127381
333.6974318088411
272.7734307388113
647.9970032454078
378.4050000494933
229.79658522629174
354.81090725414066
437.90476077057184
321.54036022599286
567.2464995527101
341.2213443600563
363.61343170522696
507.5445842992975
228.78461494641448
354.97265045369653
431.57372017246695
281.0672076350218
379.0061824764777
563.1356373699554
678.2962774231971
388.73085463180104
289.2594672509923
505.9836077003517
393.8043667100119
429.60188312461213
336.5433664837071
486.3279374085941
418.39937410497043
406.6073526868597
524.0486894912891
478.15208295835856
504.28012149353407
413.4887803604095
498.6470286208693
294.9543140538867
553.2110860606194
330.17229763996585
832.6226350056202
404.6629632440036
465.3264620851025
330.5688699095102
282.63944203916304
322.33889759245204
524.1492984409773
311.1808791148145
365.3208614238006
687.4633985929057
264.47225652811846
234.14154669194977
348.89606910488567
263.3368808634787
354.05858882720753
621.1002075978481
330.5364599029984
679.2335560149272
350.4613817716707
400.9631638552134
244.68827495810098
353.3666545946537
337.75579145726874
560.7064901757693
335.6278011508366
177.8685463348929
361.70949458682
436.113785061005
347.43692174671077
383.89777089544106
313.56183590105076
389.048630183627
362.34155164516085
403.83730544671124
345.9507164501548
217.37464569929475
468.39946998588454
793.9426504144974
550.3515293519091
235.01848157215187
307.9852899463173
308.75718377947265
434.32859215079054
584.0756683659957
553.4292642049729
463.2427437198416
653.3732607503862
329.54602517602524
407.84231347738455
404.7104313333292
418.94448360048995
297.2297521815513
527.9346206376981
222.4482939632689
401.3379151742467
413.68726236169346
378.94936267045125
378.5294960967502
386.34340948218977
312.60649726499526
710.9727057364726
502.1943073477543
301.2144225834834
441.29014867081344
434.6174708884388
514.5159603759082
568.3399504487834
482.57967563362695
488.9366248176931
477.22393169998065
441.5951338071013
259.8155369017581
397.71556331604785
381.40885242758156
555.2035902839251
485.4298241585699
390.6656289631847
327.74298282469164
401.2778647283678
551.4003162829435
530.6576139924306
327.7082240412397
346.1298561498114
247.43281244895792
530.591117777885
458.06192226529475
682.7008322849742
367.83797562525973
545.8703129818704
192.00464982899598
406.308273944129
600.6138543344917
382.6509782119722
377.2699525951068
332.71574353890327
456.6897123939415
367.1173369234491
428.43335551855756
338.5311072837032
399.63056814142317
337.9584085037104
454.65932029439443
342.1239491952842
366.4751829056097
692.8979261129535
348.3105222446822
423.982544921787
336.2255804276477
313.99864642469595
394.7212658682367
417.9618525429327
475.562672911992
185.8487553070081
270.66474593918554
414.06217641551603
378.0382628705816
515.673008030198
318.33395544495545
317.7566117470701
420.49512441538513
449.56007343897005
494.1555106760906
680.171319076461
242.85547356588722
466.46378642779547
355.17730388997614
335.8973335641275
348.66514918973087
804.8722503387481
603.9464515937237
437.5345272518376
270.2780040297059
335.6949331526176
348.23832424773315
1045.1477313491002
688.730597041855
411.2825815852671
470.3526737065897
363.35660589952334
343.79738191353124
272.360963911536
338.3044821403763
454.15654204604476
272.2648972436806
265.46333894973117
287.9090656967162
539.5845070981677
276.12631232143525
676.2361176215645
429.2512995225936
480.1025008944573
503.85794275061244
566.7758518281422
326.1693255488741
411.3722745132342
500.24330950590513
469.7753628309193
263.61423341213566
961.9421791687438
443.9319281088412
472.19619652576205
179.50471563060952
737.8153018009709
545.9695058583807
583.2629212647479
293.0064444426425
617.3622573826801
433.40358549614535
479.27277828906085
262.5746633797428
361.5427889184322
645.1456759043839
615.206334940527
388.557843811539
685.6297040831932
307.0877763985757
380.0958361292047
512.6556098668806
312.3316159969635
381.44039468759115
418.9086708871011
582.186188729991
334.73901759761975
336.06621322681565
398.6386675419515
327.81976490165937
351.6460036967929
396.0402621623773
333.37780163773556
397.1583546575938
587.8934457862093
292.35461024552166
855.5843558916986
285.17039413319986
369.2391206811318
456.857582303235
353.69691673439206
363.8052535205054
594.6619999659421
361.28878759188007
529.829994605775
406.3681981415236
618.2764517804708
408.9831458699667
434.9751918625523
312.5135165784745
334.1429559298003
238.85939970165418
474.13351954769166
226.41694586245893
471.3607698835102
223.96192466515785
320.4752861887642
236.85230138480102
403.46407594676566
542.6269159859424
329.223699816509
414.9848398238004
563.9224246756507
442.31293388546396
439.09150369667634
392.03154656448777
350.4212987638161
399.36910970970797
516.9931925109826
308.1599637696645
325.80494394150276
420.683919344263
310.2896606533469
411.78958436193113
515.7265597192329
344.91607851761137
590.5306141417348
404.7325527830697
497.7992026681101
389.7157045975783
344.2656845528216
727.2069472383629
501.075133029924
472.7151922983742
728.3595854925544
285.23326972531595
957.3802238124696
430.8737995177518
467.0312941750264
824.2763075620163
382.5884298569714
761.2847147931972
892.957152508202
301.9368503620738
595.4883719797576
487.47977103218943
377.67807016750385
294.03153267540654
375.05320006074754
528.6144499500131
727.7112187573393
452.0276865284957
312.0433786187758
674.2329213473097
280.0047527055029
359.5777570586997
248.9222419087536
437.73000618877364
467.94385114939325
305.5865707447478
564.9780707979126
557.3952014149875
549.6859988675096
366.16677115635315
264.98839954541234
330.4476845941778
345.3100905012783
378.1032673781867
559.8601064139516
284.4825737409772
320.99922383601427
421.2967373313557
433.58395062279084
487.7951906169129
346.4846330042751
378.74506733341235
351.425971076367
309.2566358220885
439.69846033105523
355.2786026028735
314.88415439728516
446.7212929141323
425.0740373733472
373.5704165968755
202.99226152250685
311.65396646974824
452.79247173055836
442.8334745706584
607.6748296101966
376.9582484286506
720.1824390968586
372.16428052778593
304.94319392594963
388.36036441608695
383.7776522614433
670.3079747139043
420.0487051272219
269.7969637014425
352.41004422362306
630.1337364814993
364.82326950264553
493.06596994857017
505.65775520574624
383.6379822599817
392.0086913822087
439.19178803663175
506.1883886977187
495.1145292797742
487.534129465988
352.28285852777935
509.32250196875793
458.50226799831154
309.80747457436615
371.78744685766264
716.6252487102943
421.88777918689505
476.05693593129223
458.80586506450544
595.564096317602
633.631968081735
681.915460131058
455.9351281968637
400.59443184173927
244.32545763397025
598.6978428240387
251.12341788387724
733.3463408553562
315.7016654215503
288.13906998511135
321.09086063790784
359.4152238685669
202.73599953784188
400.42166637477203
356.9764144818503
379.0484654728489
528.0519225966891
244.4486908819387
411.9077565414042
479.19833449166543
234.94263851902338
540.3929356492724
449.9657741763738
305.7887213123275
416.45028791568143
629.3102458812789
368.54108387647426
456.7339528007334
594.295674993957
334.21229350251184
326.3911677113672
273.4304570308624
265.8070469647563
593.7956709037572
329.7227696874341
481.2109342064742
347.21557171934313
312.5624663754957
408.2219564178402
357.72532298057655
370.83109978474096
245.54163832743063
533.7468294690691
636.6057618089841
357.5519398213339
279.64784153393475
214.5300243107722
320.62651366764266
391.6563466249943
631.8693709681227
333.97685439655515
392.87608695771064
273.7390115402779
315.2465854891648
237.1906199869526
284.528898235566
363.2500370535602
358.4230372588188
530.7179390156917
455.3241419595253
340.29435067524463
342.8400329646193
223.42572665354206
317.490644943357
477.2526919908359
322.5442451762625
409.3796612946472
338.42216057634107
525.870416010764
494.4428134329572
401.6653248986249
541.5238346664894
184.70196995774347
408.1370058629501
432.34515732433726
384.2588612545816
257.02011858911663
274.56591694938663
863.6231358799355
435.7390061788045
322.4814965901847
584.1018636027636
403.4337400017654
606.6808609673222
364.7321347521153
396.2603338852885
353.92727118761564
542.3502102981923
620.2637553436684
299.31000257209763
235.50016342786205
327.45355738588046
514.1664059143638
577.2678524404611
396.85753938756204
536.1188130690678
499.02031343799706
269.2025217167367
291.84283171798984
655.5932310403786
389.2275192657525
379.4861808073207
410.2060237453421
491.75782710786353
358.48896212206324
257.97692205578744
551.604797939912
185.34663636835057
362.6877809119755
365.85188436223996
341.88157055272893
358.354527123515
370.36967583712374
358.2178158454668
484.01634865222735
332.88652163546425
669.672801179864
450.00830693118166
450.99864090234496
585.0864220034842
187.75190120177385
435.9023383051961
441.90531166955714
662.5835111252129
480.50661446655533
362.4835194527576
431.30429773616186
467.32230389196286
262.9692617958911
578.231005482375
316.3525042457832
600.3674482011024
676.9152975520058
376.4354530139221
315.8217488086765
637.3467521491274
492.52858675187383
487.32525116725844
486.24911617623576
517.9093280015921
537.4869475039344
318.10818545068435
779.5394498620518
449.21288456128735
398.7379378583261
441.80043397181316
362.7579990875529
893.2258210280279
311.49974576659895
401.05718617683704
328.46051905833184
628.7414876393609
300.98861743850733
318.9488658316315
405.9663115088094
567.1105250565626
282.9534381684788
362.32748041257264
310.7181413575105
419.9382919410825
521.1647498786351
238.13481838821156
423.598635833451
353.6248457431198
401.0836561855807
280.4459343348698
500.55003677595505
501.32178151147485
463.4154919344365
311.33219684173656
370.1024292239261
442.7726167499576
671.6456589383396
549.8182918745282
347.0278164705256
373.4545740584661
700.6193643089907
419.77797625967406
437.36297487426106
343.3592172933195
406.8379920553459
678.759441257504
395.13510638157135
377.54548627955796
452.9670002919393
437.68000403863334
309.5444303189293
406.4481839468625
373.0607395123825
394.2381040978454
308.019294754131
227.2353355951757
527.7398553093283
312.1198001363314
299.5561560847165
374.94928538272336
461.8739126183539
544.7219371245154
271.95495206521457
612.1570422379913
371.33094352667393
519.8216276735844
592.2394988470376
404.12050888902456
463.49316778509575
437.32417965333843
769.1775518311049
383.55791648264074
301.5443075439707
455.12007000912206
421.5238577696452
510.34216598880107
419.2831363986634
388.05723495088637
387.7503754303164
409.6258011061766
389.20040507720756
400.0007646927015
803.7605963524395
343.85541310075746
722.0239867489712
508.82930414858714
516.3836412944879
313.47379093290635
410.999252939913
375.84098088841665
432.44449552144135
249.1673284222801
360.49505931994224
357.51603575455744
717.6195581743242
640.5593611636948
613.824360755426
383.37489466948205
519.7600240003866
515.1935877258787
299.1043760625774
451.28622147211166
593.6176254571739
424.5006672958549
409.05063095290683
285.32116401933075
465.1401140845308
405.08963750208943
308.11446072218286
487.877767437425
311.5570862774361
365.63732795692613
473.5239117957057
397.0486035230467
599.4099363169333
349.7343785342523
274.443408692762
283.15580195329466
215.52007189103907
756.5521636989508
397.17394555153703
444.3316326953086
386.6996051080139
286.79605457962845
352.71510479777317
411.5057673979369
409.2010763471675
439.4425652404316
411.2195277545367
317.93853083210774
382.3796039681582
333.082221646049
278.52065312003657
439.3740268577874
465.7013808526866
438.81222442727415
543.4587962224657
294.55404852636013
389.5392999534219
382.40322168787134
422.2705657198597
490.08171258809045
241.2859303244776
421.48281711066994
284.76607926735176
593.219211693436
318.8439869680795
363.1593535901033
339.4652736303448
302.17678602833945
430.7197090156461
365.2287056278309
352.2962213358602
462.4428386972733
523.7310048760319
371.1332305579344
355.57950985114667
523.0092274256418
445.07037478051467
493.4082981925164
375.5869891411792
392.2980173177449
273.08922231224847
341.77068654148894
664.4831471562075
343.94696226108647
370.56725544922125
550.8254500097192
469.1096306473529
382.7182966671447
720.698790757847
260.9005615445932
344.51074140352983
321.3282396418048
431.32409836417554
348.05152722024883
267.2887179415708
288.34085204250084
924.1656085147205
580.2024437153353
388.3803081306561
357.1425943719551
647.6878492795769
305.831767855402
324.8977977305448
249.50841097768875
412.98680409130037
399.15435883855224
315.28143555131703
449.21986445242277
395.367881663784
221.8012263805134
422.4954146989532
335.31743214698577
294.6817828808073
619.1068309852541
541.475790807438
275.36280616712213
418.268215234939
983.9710215216724
285.2787979464327
476.6349839839642
614.6739912605462
497.9664227039059
300.44815944556314
284.5806751236625
602.0175148591205
443.1395222697612
331.4674110377541
345.11659968775746
227.7183602544989
424.21648788055364
253.570774807571
455.5039601345142
380.19282735179195
424.9960813806161
360.3824839261469
309.59351592056566
528.9397910709854
488.1894120191523
242.71354304240072
394.1223526035191
447.17363981469185
236.7242608105056
389.4102295800499
323.7667131609202
313.2838806441299
191.45803931900682
545.0522568529136
378.57589129017424
486.91091233443564
447.4511077749092
547.9388058453138
362.10827706174695
551.4707310807474
381.583164888201
473.08643968490975
340.5921003459893
516.684713998706
583.9508575320748
426.08933155402457
530.1789818771574
565.8057120951077
385.1287180716857
576.1084584428396
471.72544018955324
655.8501435611706
474.41554048289584
250.7352503277597
305.03287347727235
374.45133941735344
306.3687905977979
516.4296075850369
435.1751430804786
322.37103425969957
415.22455462307835
269.11844116005443
431.5945305360055
667.5036859092072
591.5146783172111
380.04209286602907
657.327647768098
504.68015872132025
380.6708475365195
499.05701033994677
400.77318055281745
471.5137244001358
662.082620198986
335.861065378797
613.9173539313098
438.06877660689764
412.39623940651114
403.40588249785065
487.0845043248516
498.1591044917823
417.08347236014333
168.8453256391302
267.52693085004967
295.08407979647524
470.11025408882153
419.9631987593039
363.3502548282721
391.91001891986707
469.82943225679765
457.4371204776312
533.9109563549703
433.5489905880129
545.2703332653433
425.40704603297456
396.26920798138957
381.36587155489906
299.7465214847877
393.95243046092384
627.1448640024171
266.18750796118576
344.7130230319533
277.5845907016449
402.5946166691435
452.82056074930773
376.23119166007376
258.34346512433837
575.6456563296556
635.959523123625
387.4664485655433
383.0164129601124
483.19652648155926
387.8757438309636
277.77410220681026
374.15568264403055
449.48882689760677
401.825186902428
367.08090349417097
477.63112653820104
308.0866718641414
356.6744870941711
270.5949665235079
559.0241025679339
256.08423177561383
226.752811194446
354.41130787427085
281.2629349437539
574.4011254510796
313.7125608660407
420.29116928680924
404.04725961325175
647.9398313467777
546.485806008317
394.195630234579
356.200779298553
544.0054057243116
522.0815852473253
339.78408517500367
352.82195058007625
517.3921302813858
391.7779647075512
247.79271841083283
367.70688934546496
309.1012136537974
503.83032367915376
275.4315708077202
379.99566740979157
482.6493866127092
613.6486281236284
413.31178918098806
409.97717542574384
319.69802803356674
702.3300506411891
418.47702143902933
587.4984470784837
765.8519557403943
340.46128796067364
343.2160755460556
897.5002265331774
671.7955995056623
571.3727735505078
268.6036832642229
335.30479038739065
345.6090763886749
354.85463779448537
266.6182265430074
529.3601047785131
297.2783114829681
477.483354146071
390.38305310884834
287.26963606412147
733.8283384413436
424.93282056559883
442.54411185436027
274.146135858082
357.6403021830539
359.96296576665316
675.6153395009142
511.315902222453
315.6735962585398
570.4441363798574
311.1035483034771
457.0460644121118
314.0660666667141
259.2476365204326
474.3447905702574
274.2078634073749
729.269919668667
352.07428363781594
457.67753493474817
360.51868526909357
339.7973132040078
492.1206529601621
432.67865706535605
706.8580138326213
583.4533334878241
364.98130823459223
331.6814647553058
332.7631253334822
308.4365457343699
384.1305942774554
477.4200095858701
560.9142787564687
269.9934832884419
382.06602350840143
458.666582914441
617.493421954962
447.89558782629683
414.0475691976967
545.4996190108633
351.1119593991314
306.4703005072286
378.2483076673137
407.6800893237517
543.5264912654454
217.28300850004774
562.7574412061316
427.47985202801095
469.9396767592713
580.0439759061203
481.49985199987873
342.4070258436443
614.1901278571914
284.88163823200784
428.902338284011
390.7413650680165
570.6491246672372
597.3472319707855
234.728361452298
427.51955710598367
589.7509241231876
416.3399020962738
523.749423054024
405.4932933537028
466.77711038483363
527.2222767869317
466.84291154152044
289.83210244247675
491.132813466055
336.73242235008416
474.4662759591433
415.16021102065463
341.32806190688177
432.14708644023546
333.75022320279777
613.5196206435643
300.47416092975584
527.7875707178811
391.3050294277113
413.6173828951346
475.45842693189894
322.4044019071647
500.95342972191935
403.87273240261607
454.90892460367996
261.3537417567456
434.2826894910106
496.1766019014448
421.6723439280744
386.96117820807024
371.81872738305617
300.3810244141476
298.0331144681246
412.0296172624315
540.936898892175
266.01508037919416
609.7539137267863
260.9298384295494
467.50187619012735
699.4795526075695
431.9942279152903
490.5189447887221
445.93243583733283
391.2555268677219
297.12186171408223
321.59887608605175
284.22123754382324
584.6230447057993
161.9197175493197
448.89323161810745
532.0917407751854
406.5271128263665
377.1186101615861
409.1295640628427
533.0466498039322
327.9975909839473
472.44151933057526
494.1157279028654
463.08445544493986
697.4140771465544
240.94064074188924
431.0265823098131
319.3091272341235
359.43895661492513
312.9844311611063
507.4787927495098
557.7919641156238
360.72902417185543
427.2116044136652
416.6681112007449
432.272281270073
366.8718329308026
316.19099936714366
403.9379882205079
420.45775427766694
355.4940355238876
440.9351751913235
325.3724029702628
427.83287928202816
482.37459352144464
565.2793068783275
348.92810117000846
560.4346819672044
291.7749547965414
354.55864054037005
334.13553728225185
395.96029068734134
715.4456266389304
418.72421446325814
606.2792565705341
402.80457844360717
531.2099864263095
343.6619522017217
369.95206385603194
545.9492337533
289.999709725745
755.9865641337562
358.8477398322978
584.9244114217378
747.1329839296275
395.5973339959381
237.77191865194035
729.7140329811904
322.7923745923092
354.7507518243828
458.00640629058444
527.0757745249063
287.42859537744454
314.9242314188459
286.66323689548534
395.58779081685606
253.04978881599925
345.2805209981804
286.97339634523104
318.1604637330256
577.9317457561448
420.15245470401567
273.6743069084126
520.940429812411
645.4946864299749
416.7640766599679
278.59842772652354
310.73416463023966
352.9442915766026
402.78862918275155
425.4489550492544
674.6406888579141
526.4144847211044
400.86281722587654
515.8659771456801
303.3430982653396
669.3255895335191
370.8130588755784
312.2317562325367
315.5510487071194
297.705328134296
431.16778758669693
435.1080574963404
495.2355947349609
372.7104070547936
316.74997660953335
290.88186508075853
194.26177661301065
336.0475606339443
281.3671267397438
388.16262071376127
288.8811317731683
350.51928151113987
384.84430182173327
285.09618166373843
444.53029915879694
364.29636763045283
364.1142702933004
572.0474652577391
382.45935895725154
468.13891117940386
323.00953955194444
663.0826824174546
572.6199191789046
287.7410340561983
267.5049355526578
502.9091928982607
383.48952595837636
436.86854918166074
311.01324843216764
512.2916372315217
463.71374914199436
376.393102136617
424.4524480900956
579.3342974113124
360.1697386562659
334.71361225449493
492.6900301192088
290.4472844439986
379.18485926876554
456.58143981661294
596.1104548440984
197.9580680293927
369.4611947551433
297.1825538492972
524.5217441484634
373.9726733803803
277.6934819834337
204.21131476916142
249.7715266353445
565.3682284363447
349.38413729908433
818.3666569318762
382.1215222746529
515.4467089997936
391.2350710209606
439.2214322886663
329.9729947488885
339.8903063283858
417.9771369160644
398.5784318251981
441.3725480743162
286.61224971703535
263.5791019932714
494.25726502818776
247.57342490678474
731.7949899236676
390.7810931829383
307.31422394044904
637.9502631308961
392.5758448982759
487.42082875153045
313.9377154019923
467.12789306710295
215.28352141761735
447.05659235056214
208.8976890705456
465.39253109295765
297.4589666501057
379.4664995993642
438.8754674681258
585.7172686073068
282.92168001062555
554.2385298607513
431.3955379441854
369.4950086502021
412.95145425949346
450.1816526716344
266.5621978804764
479.3096179125514
409.1226393841808
313.5491471040531
320.1421370519023
356.7363996321815
594.1756869660712
418.8115794116523
401.10981021632136
306.87489738497106
579.7382459759641
812.82794826477
513.808334898286
425.9655633727721
304.9659320284886
602.5214849795519
414.6444870055614
322.04616553060174
300.74958510525244
352.56100687282355
394.75739026925703
336.91778875254255
525.1468993119427
439.51087980311786
500.20593891750605
270.92814006810454
365.79923467054175
508.2056418475403
444.6763999978853
440.6669240816217
439.03327382146097
423.0001411187559
589.6191194694354
407.9181986066177
335.84200287122235
338.80036674082453
512.9199578610331
495.1253691178928
444.03021438175784
562.4045486301158
300.96522102494396
332.93876789265954
438.5704571790939
388.49720010836063
374.802490822619
744.421749707256
562.9707593673995
316.9418621784009
267.7867419677479
380.6410673297884
361.64861183476546
527.01642966991
726.6951390531231
559.1409505873411
282.13832481704793
369.7761799984779
373.4840849380192
351.041639678925
344.4744968567054
268.1426464461344
472.24304916635464
484.0731350841918
598.9873842546754
458.1413496615012
264.54955165168263
542.3648816153693
506.2812738350017
712.3351680625951
439.6580153638355
318.5253791757922
467.8904606943766
470.7092757309489
534.2595746169565
403.55567461090186
417.38025539414735
342.7271404508508
428.9154367028391
187.11513541726077
523.4443404575468
263.8322243376197
449.0525744209044
339.72361628587544
666.8539978780175
385.7917612793033
376.263243602246
220.35219013911907
683.1304412444323
405.2809185819639
327.0694614936502
703.6511650296488
255.46964567239283
383.977137909864
531.3527188028762
311.774194580811
515.1352622934729
530.2622708732713
233.9762898454318
494.52199308543464
522.9417567219958
346.66296670002595
686.4332373345841
463.3955315703589
471.50135614351007
289.7665868811408
420.5920128046475
450.3764074190232
323.5342961353627
474.25009745622856
390.8369139274139
595.8186433632463
498.8482711288406
392.146020035211
435.6576994068427
260.98502896094243
422.07948784368773
412.2305588963495
355.0362130250528
352.7936812148749
369.1965379910283
270.39351822849767
604.3298851907166
229.95496721669295
417.224916370634
274.61108538572955
386.9046972577882
220.211922114751
424.41574988037013
342.36762079531815
562.2702789061304
389.830018845607
391.93534252634106
324.75603186878874
323.252212921416
319.82179658508676
396.21913363749235
532.2266769827077
500.8805390497924
214.8685773598942
294.0900963712288
476.8858509278847
731.3669099508293
434.4631750097173
317.62891540995014
396.00748080218887
276.8761303987782
375.82774609819404
298.1163058125827
428.5087226398948
344.57558525186624
349.23985204606555
294.61964526709926
259.61729850139454
339.5007711107978
416.9947662336831
446.4013114332659
413.2378990453652
591.1961661860714
410.16878792918357
387.57875881671026
395.24456259576436
492.5172789173735
369.26350859042213
478.38815311229075
713.0330241228233
381.9477497072943
476.9111454782231
421.71782055421676
563.8689079134753
321.7349169026435
219.65233306340883
550.6012252040983
645.9890261003601
342.55694485081676
446.11923514320307
568.7785490124517
257.3967862472864
322.3253351716278
258.93925568160614
458.33672880647805
548.9097288415278
380.9222811705505
326.9963489865673
272.8340119391246
444.8297238185428
287.8667731564985
349.8976454516587
272.99350671115405
535.2665608170232
397.20910065490943
526.8479544110306
283.2949032299469
403.35184431837484
499.3624533016322
311.0285373430776
407.45117354593066
385.08513751976216
362.20225036756403
540.192267519884
283.7272406711127
779.9645355509534
399.86716457475717
367.7871661636978
359.64231846128655
823.7833396057697
485.5711369220352
382.27810146395586
501.56508609454056
225.3129319435536
494.87051596383435
401.3093237288534
404.0178984576869
566.1727245249336
403.63312179982694
215.75850184651955
334.48141604413985
345.3613398873453
254.0444553035483
299.8851583419866
363.76019977672655
450.17759293584203
497.6881728421148
455.6613102499521
383.8130839972592
424.8748581493176
396.609472046234
308.92762652259165
313.42715276249896
324.18489561649545
598.7742829147174
368.2789314337051
238.19453929949293
483.36403336024114
524.7633884872124
396.9962679267813
262.1377018825158
420.61110009982383
272.2172185216158
409.5345876263576
612.06085183961
329.51026856662793
604.6191633211401
418.8916949164674
385.59101350223386
354.32337862366677
520.3829555528498
354.49424964957
301.0219077815385
370.0220387502335
510.00029265175164
228.03026868471133
387.8156786707356
486.3598184484667
286.53371977650704
380.2550410079956
503.7086808860127
335.1041073494259
314.49053416308226
369.6835348519145
568.8354012548538
493.20399569697037
463.4519052353456
789.9475690519729
195.33209968602318
373.420179933446
289.97617722980266
470.8444953601797
390.4903086938743
460.87532857237886
340.40202482971483
255.9161563331438
523.9787777030656
390.6958096950685
303.7048309289013
397.54489197400653
422.7819197459638
399.4431740979078
500.4367250740771
447.9772120565593
471.40181423686533
477.5729633189326
382.68992480629913
529.9814920288604
276.36302639632675
214.4166074587254
586.7382007051108
593.283872431129
443.00947757604854
413.66625911729045
376.9379023422784
315.61209969164645
388.3120283955308
327.2127130051584
499.6924117685692
244.1119890971506
365.932482136332
400.3506659259172
446.85034043368336
354.9863321295964
256.309908375823
394.1393192140936
408.6690773092905
422.8906068375543
514.3614435587241
333.62359994758594
347.76729308566826
256.7829991688631
301.2938916334102
331.7948565173896
300.01688538621727
405.0331916325175
499.4961614624408
420.4000898921835
332.1115055168194
488.8185594216729
553.4526521876622
391.63099041922464
509.99829402458005
406.1414492823708
289.0812710960959
337.20116587875407
306.5134000101637
552.8241882363264
592.5493561427851
284.65897605701196
618.8157479454388
364.18738650235696
370.68514388627796
482.13405975081304
357.71912051922226
288.3257583355065
386.4709880148094
430.5143779903836
273.16931231711516
454.26698303182377
349.5756566561533
335.53564308826356
357.3514105106418
509.63285470717346
524.9715284289347
502.66943678587916
296.6335114491046
504.981090457155
321.5515607424234
374.2183667745191
480.42822444700016
722.557173849384
504.49303380811955
301.2646434846274
378.0089448272051
422.0185058493499
306.3967718731209
352.5339715131825
268.55742249232765
547.011322417994
505.1487747675767
449.6721962451637
390.08845307236425
359.37876387058867
407.0854567484733
475.97930994819166
409.34392172078043
283.8058108803316
154.3142985554193
363.5254350750823
403.969532337142
343.48753868220695
230.6038578604114
445.34933505451204
409.83798787849054
368.81826720281475
356.9112007134672
478.20961286073464
412.06424618111754
396.3467594113149
531.5145554982006
400.8143219966374
292.9880819367631
373.90881535968725
741.2555837651362
388.1093124498768
414.6952038943247
323.84417220167313
214.99201957646716
430.91306530342916
597.7831298705116
192.24800868171363
391.87359540081025
552.9759472961625
380.24141584958164
463.99745264441464
543.2027969962954
411.72115910631936
410.9356100654145
423.8222318615588
293.5587484307462
343.49755020874875
537.7248886013742
601.8225981213321
455.860910064685
596.0354946361458
420.243535426463
224.88674063617393
252.78608074775528
277.52987986469526
379.94611539652453
319.43909178194644
449.8499025623179
413.98877635176575
568.2758302315392
333.3421024782396
614.4882251092482
292.54294103659697
333.0034761165252
281.5811853363123
548.4585886484476
271.80406103640047
296.76288626222333
350.1866937547544
311.13118411233944
249.72318943824055
504.7198398863987
409.42229787251927
301.1808565336486
608.1571479125148
453.691893294721
354.6636031946169
691.0276801100306
471.78784926472593
466.9014718065405
427.3087429792234
364.2212058486258
389.66642874814755
802.642508637061
393.2525031489205
555.8173644563233
500.12242197331653
468.25272387289834
417.7561748691329
317.72971080756673
638.7237419117081
649.2820531754547
409.5961470584428
571.5229128796661
657.1139701477804
337.8882919220666
543.7995803251812
377.21564456111497
602.383711954242
268.7025407661456
246.26012743940336
403.6525389433509
466.16107559523743
379.6733587872591
529.671790646732
348.16786567925425
330.0589376634389
570.148800871657
651.2538926910939
408.6063463985051
296.52035203904626
250.40639880812975
376.8152939130947
544.7488906399494
372.6855460737235
292.6737174688402
418.01039640027767
482.94126300093643
525.0614757290748
261.4727687545197
507.42652280739173
444.8840333140032
372.8756020130928
518.5312104770551
248.41483256990895
407.768286126968
238.07076736558892
537.7713866693183
1228.1486051365848
258.2425197404188
229.52174052198833
477.0714338254898
467.3604043893556
412.2673359575024
616.5478172525629
376.62546164874635
500.48598436808487
489.27959897728493
345.78579746571955
285.8610322428183
335.19759645478234
341.6475113184546
394.94926693813557
471.7032252149268
315.74139527054723
423.64750988826745
339.8443280625886
550.5367526321696
321.4097294388608
358.5729345881478
648.8146742073869
383.6154944419894
320.0322263970983
482.45085649127066
474.5485841025205
348.7043057949816
349.520278261146
372.43921450353855
374.9749668256867
346.0594686523185
554.6626463904947
368.0353739157031
537.5139473709139
263.66769788110395
388.8357215824645
396.6875527429803
524.5924548028631
433.87276519495856
436.2760615586546
217.00826369437965
455.25399294674895
340.48289724908363
453.6113939186835
267.36576226089863
516.1670814019203
437.188992636542
659.716596850398
281.44691905354745
426.84036682627203
401.44435775842504
378.4650945788628
603.8099189353377
491.95591101887214
647.1224598145728
253.17138363150033
557.1103060117903
386.75279856581716
477.5280262921729
400.081158630394
541.2479072751013
606.7256400260577
419.988219006162
463.6075342048837
404.08860518751106
383.8720068102236
499.5812202534951
457.322891016245
476.1171658156363
453.4610453441866
428.2682498642948
766.8078875893522
419.6934197953785
463.6926756257787
581.3280932367377
231.48019799853498
295.3647855915565
519.9161988595246
338.563807059433
822.5449113696668
435.0602157239524
334.02202247872776
619.5955026800435
347.59623651835255
707.1366779582995
624.9478567870531
353.6672274830646
202.42726658261785
511.4243041992177
327.1969655380822
413.09857915531643
336.4480041480029
374.50230559028375
467.57429943853157
648.5108649798033
301.0997011398262
311.2175137392913
670.756261323589
211.56759991730107
696.9320084498571
379.09150624715863
509.0753952394345
350.22596966802655
504.5930047326113
619.370360573527
391.9737444707356
593.5018424580635
589.6833815189045
610.5110171565044
266.36801910274215
400.5525322915125
351.9810806961656
452.47558715712034
263.8997057308957
264.0027650687026
322.15927139729007
456.33333243013243
446.6668387584774
302.90377178712356
369.4036883937767
522.5616797353339
337.35034270142523
331.8533759385907
348.5458691694536
580.8443393708063
402.9016529883611
313.25308838136056
425.49825493754145
422.3905969589261
339.08162183871553
292.7543296386386
404.22914659629595
353.0315118405922
351.3798856615723
454.49421257772974
431.1316514385735
267.59955310408685
519.2708738153253
653.2901651770902
590.7972261728122
254.17777095877076
524.7916921443275
195.92701559041055
244.76036852059846
338.88939340972934
650.290426352979
353.57767940637626
318.0895736335287
441.73876183716135
573.9272239624297
391.10142080523445
535.2974582880513
379.60015988138815
460.305603621131
398.18618253370477
453.1072214601212
561.2929316202589
393.73700760703935
401.8007397222853
386.5653348356742
251.04397818145992
590.1807234820421
266.31424904580723
448.24002697697773
521.9079869301013
515.4686933527805
305.116881326564
464.89073945067753
456.2733458884173
340.9435952838189
456.10553955413974
443.36121810268105
304.07123261775973
571.5722062514766
389.3659501609877
632.467253208766
369.00045976035915
290.20878507295174
416.5853153375763
542.2618347803743
384.4025711358672
446.6979985352816
699.1956452901217
604.0617872947427
370.4305196695409
242.89058291549233
199.93808287662353
417.8864188605569
340.20853097968853
364.620731601823
849.2470580815042
282.3128192130501
399.59233221607684
495.9189138264833
812.3611802406501
400.68449729295327
382.81372583329585
398.0942385663874
399.4021349908333
447.0247210205505
304.8828675760995
519.5574642547622
528.3481569829366
542.0568196797376
234.47469947904438
650.9685574224281
454.02545008235705
393.01296972403566
228.49687378489537
508.17580884178346
531.6349773540218
312.7160729761774
479.554644533106
528.1866490813993
288.94312482788587
427.0783992044483
627.2343878869759
428.5539215907764
387.2758020345002
230.76646083156209
268.36863004603066
362.7695645376298
287.2044097007628
359.3321014251132
742.2565802273677
464.0965206872378
260.4748743333106
420.9294756510879
617.912288631006
438.4656175610053
347.79823472155573
368.7273164149753
408.6986222588269
443.9880546901043
283.47684596676976
462.56554430744893
457.60082051046356
286.19321613167887
398.3587640458328
659.3354297482726
414.74585576760563
284.40838637745867
626.5301983066635
576.3311643878694
483.9604715929109
432.75529306637475
446.008952355936
519.6374601269295
300.35805525043384
545.1621936015465
297.97571329955895
541.9134007788517
359.29802171312275
355.97174541197535
316.14508763478483
523.6193230449667
316.4897238732974
461.6489106132529
334.7955453554278
514.5635314744866
390.60543893040506
335.49509693779845
698.1006830796159
429.5562002022204
663.5679691282145
737.2928820608114
341.1034309691851
293.4974065196811
449.16061558158674
319.3330206868981
535.623144561677
208.65576521708303
390.5813955680878
518.0855742017828
331.9962337721677
482.98714032659046
429.4409449239948
277.8636186250411
301.6511213240378
342.4442781002755
546.6926376800376
433.80664016435594
227.88980532841632
340.0555740503053
366.3378052254039
506.89588224844573
460.33778343448387
443.6455424963428
510.09786083044094
357.8444411229519
427.1941810416897
296.1172889052976
568.6216618213468
324.08097964701466
712.5772263770011
590.9501657429921
326.4829741733266
294.42988386974804
528.257393560381
388.07275366796136
393.1122997807913
514.8711684733456
229.6279646770318
554.7317307184302
759.4724210953275
317.1079969868587
360.47346068329233
195.60029478861287
624.3806536159806
425.9013912464507
397.8487881514877
453.84715860703596
332.53621131345875
431.80747927062015
576.5685533134919
445.90974465754016
734.5112017383987
373.2112175151508
361.8043348206145
397.7650870669478
357.25166521256466
241.92991444531555
303.0773973654196
690.4743680622865
293.4467349617238
453.59103646021913
376.33736482524665
535.5469745167493
482.79263588645085
448.98943234005003
599.7580023500342
294.41021930982663
372.81976800882336
683.9809621368132
492.6169680185824
436.3524223552885
314.2691036515259
478.8366344153476
341.992746746257
231.60511973593586
448.61932783910106
411.566992588009
316.2229468322619
450.4277161933041
252.42434624178676
404.6311001381368
353.82444217991974
358.3230163238594
563.8040213838093
423.82911231689866
337.4293124617887
386.0482856252187
176.51383116213552
324.9361424532316
372.3398690404977
534.7704355483662
410.0746600839208
386.41220184433087
443.06010348726716
592.049919766471
266.05929256719355
300.09806432968895
276.03184858006665
642.2386011007952
346.35369316954865
357.4293024591712
375.42980084597536
303.5188722307638
532.8784749777639
470.11211019605423
411.9173076857249
364.43389514040354
417.58243597338543
870.566246892635
458.2540890286731
232.00032392568883
521.7897659409331
526.0691894751662
491.3950889988489
667.2633081371033
326.0958185000961
423.48157509731004
569.7686017248387
438.70352816792615
374.90866238949013
296.568991962214
459.3107230409446
387.3546706773008
447.8514134434492
409.6931938581615
275.9297996285933
463.9114347297854
376.26744147308125
529.2703411678768
212.59047825556138
762.9702559018735
389.90448478349316
494.195632242577
438.2270502987452
512.7016717253484
279.14514036375215
493.3876251078258
443.58480835338696
333.89473175516054
387.6158464465528
460.7434063670571
659.0206415502366
299.22535201292663
370.01009526561165
473.59154677103635
606.5767920342419
878.2942181170546
238.6275088346766
373.7028002170024
422.351710924197
275.59414880291905
358.91613989796895
623.6177791161904
342.1468279637091
882.6846216033421
346.9392820445176
500.3802728024088
562.6902185846367
723.5439825614895
356.3172687259117
533.5858685278623
354.8675254867926
504.88461115105736
165.02629066719186
510.7616176566055
458.2870581616155
269.9112930348319
268.79992251342674
431.4273625687222
479.87043785415904
377.5248865666864
410.0261016717122
439.73162030625457
362.96322553781704
318.98478959282227
596.3577479248532
537.686728789462
484.0940970599537
440.84429059491265
415.8817027414098
530.5062884472125
522.3703808292648
241.68403342928772
561.3840270834546
414.0913851044641
323.51168846972115
831.024181734975
454.4593340162648
306.2907245115238
451.40441715094215
204.35505158272517
352.7494108858666
405.5583764382935
467.70320490323314
396.6398191296398
744.8894473362838
637.0240575727255
309.49505438961785
430.6744396012532
553.3506637920079
414.6273288631268
472.92490799355795
571.8542411620024
477.7481235058842
489.9806642762329
189.46812428529876
340.871891849511
301.42942667065364
681.3609177500923
483.2607195659026
512.4952489418698
313.7341679310226
405.90320969925875
310.0649149237591
344.0652166799633
483.63072699256577
401.52656438342484
530.8915270516953
498.2763425044725
489.4530303642503
272.44293076740627
601.3859711551199
442.92111893112764
310.3868918623219
404.99922106173506
445.38354994138433
387.9235593008225
306.0775333187841
576.2074319193761
358.7785084273472
353.0387185066324
479.1479856924768
627.6985503228834
413.1229383748211
691.8438854355853
229.39356222347018
463.7723358736397
416.8697672419998
491.44530722824584
449.02222211112377
250.53230306920793
354.31906177108186
335.03339279437034
448.19641996841017
476.34656963969695
442.9894551421933
468.826847591555
419.495095192879
321.3702014187633
685.8443254733672
610.019178775221
378.54987029209224
563.4609531993128
391.4625886032318
445.6406662445085
327.89976591494235
439.3296554229767
419.57085126279173
258.53924405408503
462.43833896248685
357.83586592780495
343.894762496403
411.0416191624619
417.8095566849622
671.942430656739
369.6302868285307
410.24982838917776
546.2265555624749
424.9563464288582
286.3968792033372
408.3854744708114
290.93272740282964
284.2803298469813
417.7140061364409
486.84879432338295
617.6736330662918
255.18778790429104
226.6806250895677
350.6002218159217
536.8432577880851
312.75737687077697
752.62417518403
408.8499757862952
532.284956572505
501.8736595812889
638.3643198050419
342.07117219528976
371.3102381146316
408.49095774720143
441.9011375641262
487.22028390044807
308.4176625425122
441.0292393208625
526.6392687841966
406.799182023055
253.14111808161246
384.0905322172901
639.7757049057224
335.41128836304955
569.2271360819658
422.8124799296487
602.5928428773925
419.13890950246434
751.6859003223918
444.0971625766908
259.89927271720666
483.9172263771642
580.5720132844377
439.1278415418495
353.0722590489998
258.41970731515386
451.7354830117597
296.06951187948493
385.37394024387754
528.1107243977734
287.63596639158726
526.1809884286301
427.0676252137104
378.793906575933
718.1098681226343
351.07912797768074
427.79387776812905
210.9712497900697
475.615758847565
360.4258350769255
366.54035835697056
328.46434724470055
279.570168742855
323.86659737522024
472.48751650412004
634.0104724994962
408.7364448547192
321.99214678633155
460.56829708204765
347.2844339317702
643.1960251497787
456.1752073217998
209.35155526365807
283.09965814029556
593.364823117183
261.56857337889437
310.091136697653
321.2853793961135
682.7984566305479
233.43805148920273
351.35066190957207
383.24160343906686
485.21611528310575
423.2847298317545
462.71676893470766
470.15583569316794
357.0716481269421
313.448708419713
354.24488797425096
648.2184403932142
409.01024909292727
350.65578044954805
325.89514728268074
360.4321259321083
296.68272408722004
281.89836190478377
518.125767402343
330.8540877164036
402.0100842566539
392.79292328234226
434.65917318479944
396.76471138873035
375.6475346663809
343.4081601064419
291.235279529961
446.9468137370171
259.9987704810407
439.4704216700506
290.73627952854
320.00769283839793
500.8278414658689
492.00937568413747
684.4160218694988
475.41752934714214
232.38757362471486
321.6883671973417
297.07379718023356
422.2288596036241
252.71786593981426
304.6837126975046
287.7005164903503
440.21954449191327
614.772133946596
673.0252778499245
324.99218219446425
400.4700560820477
270.7923795185173
248.45739525830268
273.80735702051817
541.8920898993504
464.39812291206187
541.1030403867719
227.75977518962816
413.63990905558916
348.1059989986712
450.85895469750386
473.973103323683
442.58791031174303
254.25707239158734
138.11427137999135
279.83454272226817
299.45731404547905
425.14913444372377
364.4547158153175
362.8320870749781
456.1930686512651
404.26367255964664
390.01579963740073
375.4890578736539
426.5580212116802
265.74723970189535
356.6406750825718
487.15096527010354
588.8191576800665
356.7929363559294
464.73128589990284
375.00659616575876
767.9785241254253
435.1498712064337
311.2574717879412
419.18218767003447
385.6024103801222
279.1606228222576
423.38624287286177
592.1222769705563
281.1803159291792
253.8822340836206
343.8176079352193
371.0940965959597
270.7320440502916
326.53461651217174
776.8378702543561
328.274249975006
216.207105409015
486.52977785608675
285.9295593343102
519.667707684181
458.4185109425604
406.2569267698046
404.1555793894252
605.1143498636852
485.6574886051285
279.9171739786791
446.01992233680386
460.0449601727576
905.1629693635714
482.7628426837055
317.5483601703634
393.1858111302099
342.59573297013145
364.3595967376918
436.70342205540715
514.9940619092218
290.90454117160675
383.4614809789981
551.1146575539638
284.10720402512607
429.7377238712545
328.50679899624146
332.48790104498295
298.7689920649424
528.4252716202747
402.8639647705488
660.7321773700899
371.87131769304756
623.9483010852931
247.249458799987
606.1415136568882
653.9244975187526
471.164526328055
462.9325286961345
765.330389928696
480.02303785450704
431.9306254308988
390.1775713795279
374.5132028803257
349.14897665470346
380.37020674208793
437.3894762038427
487.60007666961604
458.9714532172054
211.92834680826263
432.9017382710718
510.209694306563
501.71234839024146
400.9441689229811
436.76411895403425
438.40214360064977
258.7326368674854
388.8440831823724
422.14702084308055
643.3677003243729
368.50703267777055
324.09910196520576
461.1735772613734
470.33883324743545
698.526688574838
430.18627335975606
574.1380017912392
395.7813257857111
474.9810753504765
402.26702809595986
347.40223913769864
445.78665573798867
280.3442040134693
502.53445960763577
390.9177646131386
432.4137649501691
208.9567572362862
356.05381698440954
250.2375477093614
606.9851590814422
278.46672389038736
507.1654285383493
571.2656213758609
385.22656619356627
341.7144049587588
606.0540586920177
415.7966872681974
573.6519263288857
735.2018428604688
320.2273119209727
337.78659136672417
273.94393283367833
414.4390765630557
502.0411838542439
431.2548347831966
355.6078695431946
408.45922694338554
440.39818474089526
358.25904710567613
336.61990769074634
375.6786517372466
369.0871349297168
578.5430513567628
278.0584151756326
406.8823559948555
360.21072637933366
469.01911259163245
244.51619083219728
236.1367603959762
384.04648530241354
506.06155580340356
526.5078940740892
399.5205287728766
293.12522692097684
368.0523514766395
471.4579389726723
659.1619159986917
314.97699846229744
443.48840280290335
307.58341458077746
341.0720096557792
371.1640832318589
351.28407363683306
404.55370402053967
489.6827780428598
595.7428788126538
516.5801002818716
554.4236299093362
455.4594320224044
477.84487793582906
546.395602217741
277.3068739362839
542.9820656957663
334.82213193148016
323.2450885943574
309.94659494397104
228.18605561853963
310.4504959986593
341.67632998216067
259.6837630546301
447.84038694838875
345.75693642698747
257.3149222696449
470.2981950733667
498.40710394991413
428.7113864686425
414.9388604710477
736.851369577197
344.8772023934462
478.53770255527525
627.3201212423983
350.27288285856855
331.77584188809846
390.9160074733002
563.5490014134358
363.9032268504294
778.8805179485245
420.44832568234386
298.6320800290082
388.32355558606895
576.9168670887096
458.3830237941928
711.3533785338085
414.41112001975364
636.493927529281
362.51798610974924
468.7004171360672
265.59461780038265
459.24501236528005
405.38852027336526
267.258313484411
455.1338326638174
198.20025793933507
379.0661771470704
490.4087276232755
344.9479876162951
429.35788412986085
299.70934127909794
303.6662251945559
508.3876592500911
345.45450872088486
492.1704355953625
290.622532870535
470.94902269188805
583.6217865139506
197.31047361532674
328.5754194235616
304.61231495947027
495.59680809018124
590.1282376479918
418.78234418159155
428.0222496854629
375.7678357242341
340.0879069432818
472.03540421313227
529.7416595074885
289.5703096152196
322.86225892836904
318.24566521689394
285.06482625518316
547.503093187141
316.8816463718849
393.1713838412496
517.3070301925798
580.939263983526
492.9639739180408
536.4092703338565
380.88653377777746
394.2585040005685
514.8734840115017
472.0158940629015
338.9650577935662
355.7566010766887
407.3778547243779
397.9168882850255
291.2804218570397
474.7397307410295
534.9614633173243
695.2490298262658
446.4540021417209
318.3849780174809
415.6171771788615
473.8934712910454
276.74494450116936
393.6422657723024
281.9902936180266
255.679054845972
375.55037312941187
375.9424103260417
552.014336028481
582.6810575553675
460.1477413291656
349.0552622962864
321.8094765760005
351.16789077009287
621.9239771541224
283.85092559369497
583.3582382760712
572.9230612576265
356.81152919442656
303.50920145639986
478.86932796987475
480.2177180365713
394.63271047325657
350.8186046169355
370.2273541060385
386.5841283094611
373.3623515218857
420.95658915176847
509.9288984618393
362.247880271357
552.5140045053971
225.73159260831383
409.77051993587327
337.515716733198
446.9144000617591
350.10533790191795
267.6364910383643
389.26430533716916
566.3384785692531
648.9836219587245
310.2478872445224
381.32172940154715
491.1974389979566
404.8510591049825
343.1319470591106
361.91454234101064
357.9802764448102
299.61619414488854
364.53394350845707
324.8326554617146
426.66728377793964
786.1242268498238
451.54109001106326
283.2328226111223
279.3106791962515
283.62406437900364
336.3213829715404
482.8802267575204
459.3846497629617
347.20140572616094
657.7247717820538
289.33491531395003
475.0483037653468
324.4615060771006
462.11628592220694
427.5311738805825
243.8549865080798
258.13943500332783
468.4404406968322
288.8357921897623
292.10626531383394
383.70364481206377
313.19478524433754
360.8508554321174
311.69872014964534
316.7978684602333
349.0796677415156
609.1284238222877
539.6919837976019
413.4188180093465
406.2783539387445
373.26108513656203
395.7620702619326
466.61602838176526
280.07468067870275
429.9853046597151
772.7341471659066
789.4202280438807
539.4745637626627
570.2063048266632
265.85966525593693
422.6983852062195
434.5592135172705
267.1857774650109
260.3089622174963
447.9445545925363
304.8400172716753
332.3287762269186
319.55184681291155
256.2780957446843
612.5666205989133
480.8534469472014
289.02840983764355
738.7729310604437
454.8238544152109
457.1587915281939
462.70263639016247
334.40756287842356
685.0426367902339
300.23428946358354
512.9507940165987
651.5165460838157
490.28728964237035
488.69368749604826
750.8191884125706
418.21725454947415
569.9901293127822
482.0248534785041
399.49082261601274
493.7491177679252
242.51220154732943
403.9126486795872
487.13611070319615
407.18517194859936
316.6372077559074
287.45786016568405
790.7018553804309
556.0420456686252
275.0195310276957
622.5218735810566
306.9414593180977
505.37844629349166
760.140721231803
279.24322956351915
354.60692104916853
308.23861904606247
275.3843214829055
610.144365621029
380.7012247420814
256.00896674557436
299.7043002973103
642.4032158626391
614.6099694494698
680.9510572581407
449.50944825745785
523.8347892354954
559.6223653951512
353.5083236437749
339.39845572314033
343.53357066108873
561.9558886727065
375.30752589350584
516.9921445459306
498.3334845967814
520.5204392585936
383.0473504178683
294.03657586184835
477.3801976129743
370.4093012606908
588.196587866292
388.9130690469991
273.42026100278315
350.99207574323884
392.1233585363154
467.64007252857357
307.8128734789311
308.7856308268388
588.579614612762
310.14755127964764
265.26575425326615
459.27943478190315
329.7114925399456
530.1145896187973
365.52004579059087
448.293519346238
443.6104182059234
361.3264340642508
303.11482081034893
551.6572014024182
244.8065454150677
414.18413372110393
658.2448814048989
436.39817679711757
701.6616310224191
426.9193216424101
229.73764337205102
480.9008554259897
417.2849908706041
475.11919787134593
283.926014499626
419.2509392327164
480.32469851677837
378.33787506956065
341.37770033101697
426.6434104869083
480.2704274711393
324.29476874059424
626.3298333697212
255.5447901640323
337.65257258964806
388.7550030948423
296.74888423104557
449.26277143565477
391.0604028734408
444.78410018564904
416.7408109211803
257.8920951920288
384.14612743485736
373.1004790409645
275.2045536723184
370.3231287134513
546.2586839315666
413.3894247966043
293.0860112086294
638.9957648354551
355.13608024401185
435.0974312985515
416.5422782657196
374.3505758795531
332.55399168880194
417.78132611514076
221.29560925452702
619.7654436721529
430.968755143851
531.9506788631578
501.36062497736975
559.3046295479829
491.50493438296695
453.94357374552936
865.2265290964752
343.91119865259674
225.2141036650503
371.67541016690495
410.71612319393637
470.06183346934876
605.552021970564
263.1799254984864
612.7545915621298
279.73551026509256
425.82643132294874
660.6408510436565
378.1924949428845
486.6930542142026
838.4668766995353
408.7761411834934
549.0506436013302
374.86925418195096
411.74358220775196
396.6477690473658
408.87330738317576
459.3583741691779
346.0368304653105
692.1414935722124
533.0147620661214
245.05592626712152
416.8133852824163
616.184879436045
402.74469803316657
446.9626739129297
370.15023010905924
258.59154020674345
292.1805604510373
381.21278641786904
423.439043488402
375.02612391110983
287.0315577435108
289.9326577511082
289.880349673342
297.62833345876885
473.8426486835398
337.2579287545457
373.63526789126126
541.7843857620969
334.4995406341598
199.83654200724033
368.1988270067875
358.293856421288
362.6161321224325
402.24308021961616
240.84101460383397
379.93106083628123
302.8549321040991
210.69497924716984
408.2364666298608
364.71541268372056
271.6185574674029
421.8264901646047
507.10665128061794
587.0235458653514
268.96883779690114
459.66515977356124
507.7161731574635
270.4343792356082
218.18547291968312
410.5076288901729
344.22513835172094
569.4338635565352
414.89632495430703
330.48195971141996
426.21246083815527
326.8109827137914
343.96600119929354
410.6396256344165
292.0425505312289
304.0915181053357
497.3641276681049
386.1482409695675
273.2958966227789
282.47625219731543
349.3706440089387
437.879089609512
390.47348694290685
570.030472046779
246.11955987816555
229.02321308488754
347.36095805793036
288.9317606023708
354.7842407989388
269.51430055722136
338.06924624988244
304.75347971564315
254.39670193348587
444.13589923323514
352.39240021162044
377.47211014124355
421.45431454776593
424.8662095216605
599.8307666045132
429.8805314672162
429.3734294668952
346.6265773891328
407.5259678146012
393.55735585666866
527.4529290076953
643.9845323918074
1002.591550464112
620.5637618324133
451.8732916135395
629.7069374936011
661.5139840793693
542.7064820675238
226.07066362187908
497.9415178830697
245.3504700054376
355.8116350828061
482.8210255623902
364.25571477267334
437.8549714148856
502.44071965584726
638.913065869561
399.69246011343523
401.59246367383133
505.5725446186806
340.34084135910257
1023.2658357655894
338.28141252125926
378.7017006138973
277.63717026192916
426.51880703725345
304.2015587353831
561.4983502350025
606.9159823239177
256.5422268550129
318.57287195767987
645.2654732052209
206.66208183665958
458.60305739776516
367.30977718536167
506.98522886109015
357.30448561722613
275.1390878089317
515.9680306175965
512.857643242517
1124.7557088240658
507.59148908505364
536.6770641626724
538.7713891618143
411.6601598481359
314.3808533195423
391.37876162085735
379.1537279210086
422.6096733213075
311.82317046082045
421.40058151705387
328.13738245844365
405.2932237335103
381.0724232074951
508.41555385209983
352.1676239396307
462.8084951217199
518.9408032154287
197.54027085275817
469.30604966367736
475.80938256259816
320.40360263764546
479.48771826428936
484.72922221243994
465.7556850645914
733.4632941983592
496.63235290051506
443.95091354022
621.3288128323763
299.1771971664583
305.97524445805334
293.1533465213851
424.7401319601331
506.83460117496884
554.5171944914164
370.94260673110216
465.6238021529662
256.8718115851439
322.97833185847236
498.7625916843314
410.7449284547442
325.9495173387696
348.75452776784886
438.7210216793391
540.0939283863208
444.7031784218775
406.9086087697513
315.8378402609303
291.29998215937803
397.8764063835555
313.2226149248286
404.3640515413351
427.2408925769115
414.9365752379202
573.8287628032114
286.7386143039973
498.22601069069265
425.74283069742324
462.489837934937
348.62682771776053
295.4202671841261
478.2379564534906
338.2242446117125
365.58400247577725
528.8687300769125
492.8158857922173
344.7680150955519
367.88254039793173
318.83065036571287
492.5881191333262
506.60249193799507
433.8345555883238
340.7081424010749
692.3578622926011
278.72496514690135
629.1101152845687
359.7604920269175
331.57426961467525
472.8472095877926
590.3164913217776
427.16828264966733
375.72925885774345
218.98985398077704
587.7838820249082
428.46193311072744
303.59773826195914
363.1016284497866
506.6930949335538
392.7559649529091
328.6044747672154
445.41615137367575
306.7802834508728
403.5085006780694
211.61032763840646
255.28151256423553
469.2590263964247
370.5501537450169
338.0411884760276
295.71289570386335
252.1823693076333
320.7915467937015
431.7058881714395
319.6655171533073
495.965019047755
448.5489937135315
327.37145870289663
301.50317984815234
602.1696837342533
322.66628183323644
478.4330645927431
320.97056196249594
264.5799004232087
418.86282137020555
293.76016141570256
411.25988046150115
603.3492449828738
516.2117044867829
363.02955002015267
529.0492459175898
334.52953704398914
306.25466433273374
272.9382820822069
394.3052417207856
245.27984413620126
321.9615107317172
428.8047453640851
453.2291416294962
316.336028483817
331.08191219488674
451.034224708294
646.0915512708945
350.47972538447436
374.6882306759164
1090.0794223611197
492.0980791705044
528.5039980269412
380.44896369561303
415.2084859573683
420.75064727632366
322.08781460221866
623.3110670059295
466.43626032610405
452.3238187843979
326.78428019714096
752.0424767670136
365.7784075119947
341.5341532413513
328.9805529023989
316.90666982828685
670.6832395840187
385.5364904191446
305.9239773823317
398.3916657125808
516.2623999490781
444.3718594115345
450.6777712866948
238.77807284498766
388.1815099435408
854.3988294605509
240.22308568013452
607.154093426935
380.07063171543325
242.94528979998455
268.3089354470409
401.02668103146164
552.8652679997591
418.74637642748667
293.2723572284208
308.7187442582252
410.56167349469024
524.9131103266609
651.6306240811934
332.9206803059722
714.7125668592456
382.87835780518253
369.00955614452613
710.2540429050017
597.5133712162744
356.5889268850947
547.3897040815632
359.0966887681072
532.5405925472586
340.9841918615357
501.0885818716325
487.2408687844458
428.1612488542917
437.78353113949026
416.9594999899301
530.0602765563559
276.10591438317914
359.73513851358734
370.75354165605614
486.99835785246626
375.50988645950594
343.9879885886769
442.324692185369
305.33027670086483
520.0606082739889
378.85502816788886
649.8564644953026
454.40804503057177
454.1034450762232
354.0327105330069
528.2828603985387
399.1753293319342
391.6729889102497
266.99434243200875
413.5698304351481
446.55401318498144
253.24286971398942
410.5385650101941
391.85804912784846
288.44903108725936
348.0743025554298
382.0114187782338
306.57860047821566
574.4900779001747
396.35231034233055
605.3460458695747
280.515115303542
471.90603897954765
590.6305566352765
651.1701421905378
538.2627299296173
584.4578420701395
516.45796642352
616.695743028232
518.6063553620232
380.331277117444
277.9523062523877
396.1124246570281
438.9744540855627
294.23769794995775
306.0068357058908
366.78502614209293
562.4751186532588
334.319816700019
265.7322840527771
472.91256078597144
468.0335247392051
333.858981477359
311.3297890252359
240.6484547729842
264.3098000709937
516.7937621187365
615.6687458986515
464.35807139255024
207.94501213795152
577.3700727977836
297.5611089054492
391.60185578756284
687.2523800822275
278.4777254601311
353.58270218209947
271.43563472586493
298.90136417324345
452.6997981439674
340.88709849396463
180.6110613099313
378.8981719788293
288.79241147150515
498.9834733443521
592.8322952179615
594.5510121151373
457.88220634189037
202.95106679149336
461.5554998715801
327.4157430253596
493.7055319460203
483.84398162535314
192.8553837772458
218.04117350216288
486.0953301270272
219.9194230800599
359.91451599247375
393.84421652937715
422.19904887194133
549.5191879178892
474.4795325120918
372.4012206693331
460.6014426756637
204.01996476024635
337.497012764055
282.2438182529294
290.48989754448127
385.4470832528398
404.4813992856071
636.2893367514722
375.0757095733587
433.03063747922846
586.402553484849
407.5477470416505
357.46659835441267
227.45037589753795
412.36524613404583
356.62588728172994
435.94452892162576
275.84557763062287
576.4679724751136
417.6670576542111
347.939937505597
410.41365352887914
369.3825562407777
622.7778217455372
452.14332771703135
386.87923355714724
561.0973094800469
556.7904827532991
349.91958318638825
557.6670423309595
402.34293183754585
269.7527588766418
619.9603469960549
373.0378474610532
466.8071528930836
233.49086926362165
387.4895259927507
385.5342441941335
411.4072315835063
316.31001811483924
373.246222337338
502.08046642447675
346.71997851812597
408.31482209270547
222.721207238247
518.3186679124883
386.3783934236231
630.0269205331425
474.76097387954655
425.05451924005513
255.42766155238942
314.10981598019777
455.43958678435934
317.8241282755579
272.0860625637706
407.4804599966465
299.79829626227433
384.52958925473433
241.61337538776783
317.9240644917074
251.81160679904548
307.7237405312071
479.9284428487287
413.00992205826225
236.47019190203028
368.13031715542587
451.18876333655845
525.6555550519014
341.3024807640963
500.72684923377574
554.3376027009502
608.5405613397871
658.6332168978936
577.359138452614
329.15888685798103
315.6524000332442
330.18626932672584
342.2818059896181
272.6345921423672
396.1716090987211
443.19452992808414
328.9463608249919
351.3193266808032
397.2977850128331
424.6378496056046
269.420171365642
470.44529361428965
301.7570017064421
373.66685518731396
291.7380289954293
327.7936149968698
386.4358809586398
930.9363463111868
330.7294229648522
473.4626948475024
543.9554261313335
535.0979143591419
472.5457768306773
505.74290851270376
242.17327051583467
780.9497373118411
402.2168305831611
391.0665507002632
631.7091634576159
431.6637083416123
398.7120704538611
251.010258544593
301.970787445791
324.9568144489391
579.5453487314152
448.42007145993017
163.60797070542867
483.6655387865051
344.37074854166417
328.0579193252886
513.6908266854003
398.8436866909182
462.9517481423169
476.30353263565513
499.30424633032464
281.9976993993879
495.040464100073
599.5776145900955
388.6138464530124
266.3854811091438
611.4987619936086
518.2087552866815
495.75283379029895
248.80752778060346
444.91831142632026
342.991703141955
445.6736642237126
240.1873025935483
487.33568113688705
408.34708248096746
436.3704985452434
422.5505703235648
253.29426117954068
349.4395362908616
245.10724123672222
452.7506973837609
330.36248229694513
465.2409159020446
341.1562623272711
833.0681802566783
571.6910325987647
492.4491882831848
517.490653675643
362.9480278943623
461.92493767698187
307.5392649763971
301.06854867621064
385.0735188924053
242.6664643584945
782.5527803507875
598.2420039768684
358.0831147861792
456.8496782815918
334.70636239197455
407.8823637701875
412.2917497456956
339.53832388570896
355.94611443941596
323.3730931330805
567.3666588842527
252.02750158026788
338.16689568475914
346.81550511962473
324.67598779446627
322.71352090558906
525.365840418013
276.6022771845018
345.672637844177
331.10225639182505
410.29254601316273
753.3276041121417
513.3219150226248
276.9494000743164
344.84542568933944
335.75161194793253
580.6894199009027
361.5782012958383
510.78628076604247
325.86423492694837
250.87256046463642
276.21787410269224
359.011344087248
317.33398059373684
385.90135089911513
488.42483409000147
357.53637482981935
462.3239005947531
473.027752171988
578.8633654160296
246.92163758702486
331.28286683288064
694.5427324034265
325.04771807415847
586.0255901108683
503.09500405740624
461.0538086300777
347.11570398593693
523.1967757926615
384.45435811269584
357.28231767937365
207.02421898671116
368.87899192069347
403.25192198883
408.17342631429636
258.9072211982987
405.35582356205464
265.22319195588415
412.8995017397236
436.6206440268813
330.6637219494368
548.2397384295449
499.9848547292759
792.1835739240775
498.87404137957367
379.59254130965843
440.9702252363056
308.28372423714234
187.61634441715748
255.15534697317844
550.6918431732671
358.7447651955305
465.41367125588954
454.73077299929145
365.28570024569245
204.741580303199
374.10554640841906
344.64141449195233
634.4254418285
331.69570263236847
266.8602481062348
434.4816080232675
471.5854605022102
549.4392546630643
268.92274626929697
453.3206857954998
323.4290890470778
327.9403488662879
290.80120681466946
398.76945969697056
441.6698793590568
632.5468709772621
394.8899002393103
457.5598241593579
260.81633383304205
404.6018689443346
449.3650519962782
451.5804750302199
393.1433491188545
615.0415879429611
525.518534204845
473.34637400120494
398.2757307334098
287.0773552670114
403.0530985013411
421.7588848249718
571.7721683768059
401.61083189356
610.2574000537057
258.40359212947203
395.6662209998302
510.9450715923782
368.68001457162273
479.0926749555833
425.85682410413375
341.48769343862233
371.2246281108042
358.1774379412631
481.2800448212312
460.0142395563886
402.1384990765507
478.9515143671699
232.59126811308988
769.3660092908134
628.9460988023213
662.437061541097
452.17876735027704
365.4760478259811
271.4857686922845
476.2028370113837
452.35144387086746
429.1354005462168
328.3451151820188
573.2992838082573
308.66544095813134
473.5396902607528
514.0791959627896
258.0243013056772
350.28805478389677
527.6554871242693
293.9680947393432
418.5241018705014
793.5979296706897
415.75625408276716
551.8481103913037
386.92448211860807
491.6523336057408
411.54039921796976
336.00651446076495
424.8084334280016
583.0296772833466
473.69479514130717
416.35789783753387
589.4933354595572
742.6878858143956
547.3427140588311
325.2709514989064
577.1180962352346
451.07128776727285
373.7987506104285
250.95212843008866
463.64587480222843
454.890073927645
450.5176837864778
394.4098100095644
413.35333985479474
349.67884799173737
332.6451735898805
632.3044117801261
325.38506551815635
437.5055478810623
451.5140583845813
507.3020496425886
398.11964433237097
419.30166785257853
428.65458351191864
367.3952502920721
421.6059713029919
228.70560403526264
242.30634666936498
343.31240730073756
349.26599444688594
326.8530769625815
609.9208709231548
419.8024454505007
341.5217663522502
739.0415933407832
365.73612134508386
306.15113114135147
389.9246709071475
511.36931827684236
333.55470948334414
534.9006472762427
320.365377618993
490.9709678603937
447.25861079560804
311.7502791423061
602.8159148115456
344.1039568782517
394.5257079602985
366.98455158958353
330.2098675077429
322.7781895849319
395.1691360718107
190.72835607357413
339.2509126768163
274.9197058048235
361.0165220606555
354.6126836805748
411.02708443213163
320.4485152933473
271.19823832762603
245.61099802517407
390.4384139216514
577.6983546964854
519.4641133936913
604.8354621593128
509.7711757460093
404.9131444095157
371.43265057879097
386.08093396181283
363.85945386940574
305.9601839753008
316.40837089692405
283.3367406574861
285.50003953804486
506.73276982309926
486.1563282645456
294.9307417121892
519.4059984076441
451.78367161764356
470.19320605271275
447.69028792542133
484.15236345498414
531.43013777285
545.7231661415855
749.8678308677232
294.60458407382845
441.7291545430351
579.5993777151044
674.7764156618889
642.819265152693
473.99572497760164
455.5805030403011
475.26673372248473
402.53036320529674
518.6532774484473
534.8317697624166
257.8554438764523
223.2028870619737
347.0854094019148
843.2562969327388
370.6285554869963
450.84594234632544
644.6982034135581
409.9233561304014
331.91789296931285
301.3885258227851
271.87146434144654
398.52956805540674
437.23345010146426
269.6261430514894
488.77468157775905
518.2006773938962
631.1400211452922
361.523336396968
365.3880080254001
275.0793892205509
307.05964644057605
530.847775706893
302.3960122472986
413.2800708938079
539.1002172880947
498.0580345129949
496.4929566706722
444.84147726316706
349.81795130921955
327.3463980883901
358.9469628161212
344.2930760772384
430.2676768256491
326.0445199419079
368.89399765781576
477.7102691497929
269.06088995349097
381.819772914579
388.55160604532716
337.74382319735304
378.98725841109126
460.72354326183194
479.81669290103935
340.0683650257914
272.6798038891315
449.9142224846942
253.4707011260692
404.37450962311436
301.3080551806208
430.64059054992947
485.48270351035677
612.8731739305044
342.6526451352014
457.11519070180634
359.85633191942946
423.95100036497035
540.022516727311
318.271381526055
302.0224200024284
607.6294635290559
362.0646562478257
394.4509713078822
680.2443246698674
469.5652754748841
536.2756514509116
321.64402377267544
267.3193798160625
279.06083851290043
368.2266781543328
280.8886240332375
556.1063973459997
423.18792880450627
452.2075664756459
430.4339958217921
388.9473242075262
419.0092291668514
720.754698281462
489.778422821451
336.83798211154624
276.4968740668655
292.7870292475502
400.2080775648953
465.0377041844123
339.63765500406936
355.21463659421863
366.92428835987965
425.2565186409164
538.5801873742436
305.67368274645804
517.1589474128363
417.472502400832
463.032113823934
441.45054842542123
345.99534992261465
427.71088066410374
573.1718684261645
144.25088182550635
512.8281836696883
314.5905547679288
359.8730491443443
251.3893371827152
369.5575094526079
441.21399619675765
707.3606402153097
284.1916562426963
524.6717057698306
359.49313961225215
497.868897452615
323.32165741006634
474.9419441164318
609.1052524823161
316.273444914792
387.7770941017202
575.8732877463742
356.4541719343531
487.64399243930234
538.395874455607
311.06961185463723
282.0727389091572
666.6739126858131
488.89165330079317
373.1357343736931
466.7114909586505
451.1749184816313
474.640271062088
624.5508925574973
309.3336422956717
411.6700778931288
297.2520505259957
434.2136189896957
662.7690354638742
457.8923014321978
505.1420309074792
426.0578496837024
512.0468644914873
635.1378206574061
248.14984711161625
342.914238483377
291.35300740478164
579.8124019970988
770.3098409007773
499.80893357932405
400.70915561051993
405.8054085729003
455.06749339273176
355.429033752578
649.6914323297952
488.3203889719514
527.3244660579467
340.733449761964
428.2271019786484
432.6919964899958
295.52838588588924
353.85387369442344
286.3508750514159
291.3809648769477
472.8178726738922
393.34630837123626
520.9525933083085
432.1297097548205
439.91803532426775
240.74971872724325
540.4604960196689
536.4146065565131
379.85382829955614
344.93007721042056
299.9723922539455
321.6321151037519
664.894429777058
561.6008741331401
546.1350648811338
360.1061046940098
473.13182076348323
377.00014424131695
251.47232412488486
492.02825073710864
341.2428891205132
504.9252032880578
387.846138222316
534.0219170231185
405.7699744869341
886.5794867837693
323.9084217593368
705.2730024089719
513.4558107500726
473.2552112074104
453.41711541898064
328.2407012793786
338.4845316525853
300.7956900745886
404.9799436060758
360.7512031981479
340.8339160619994
408.0641875663267
499.18856415077056
372.7600312477717
308.85393471367934
349.0318693697206
402.6349581921668
400.749849585676
468.7267281931166
295.8795920035619
490.445345109203
471.27854065389266
338.32278316936527
585.3979720949142
501.38051366791643
342.2318836127041
239.206259201797
233.02475388695086
425.0054392713546
498.5959212935656
436.4673284560332
368.37141927828014
419.8376432081284
499.6441001323867
624.2675962812903
359.19950770686563
531.7923686536213
414.56327384721385
403.7251304076739
481.68387071331347
596.925471530821
516.9096895267543
435.40117122033234
383.15396107703276
451.9874077803826
567.540728631894
196.48235849537093
432.31546186614577
621.6852792882144
611.1384044683127
338.67080603346267
491.03673147951633
359.27178018580406
372.251061810078
566.0953188835526
581.628606170159
1064.8307102744297
285.6552721431867
459.42804215967243
350.35547176453906
353.2978317273706
426.99725879180176
303.18305797860825
421.0117236307194
394.08842694716515
509.24293689578826
565.0633968503868
301.6054513338503
334.43747441406134
457.26867492614014
407.62911831782515
360.5463299794779
585.7964907972547
513.5661103451965
385.8593125190062
471.0483045728322
567.7359756077448
518.589646575977
370.2071727944954
433.6549245009081
382.8621985178716
588.2997085220059
478.9307005003199
279.4038365385522
425.70732112235345
449.09915193244217
654.7526663788589
586.5340607038809
175.24587121268576
198.83229705168188
427.67369320422796
433.93978881873744
320.15239000206844
427.64241573907043
463.1386775532778
338.61136908987777
497.5928979582969
369.7205671522688
445.4733265480513
337.0566081994229
455.0178151708642
430.4692920976147
339.9275188352943
407.39891741338477
734.8806705182153
422.4029870489485
337.89953694753547
281.75715139535487
706.3470638398469
318.64755859906916
438.01626037430015
495.50538395812544
359.0017677191858
419.4751496058708
304.80065775814114
369.8465777157805
358.5045758086205
763.6470303552697
460.3602874532827
426.46512068180505
267.7204519651467
358.4536717026637
435.43624265083105
584.2772664173862
268.0918460889328
366.83813796833186
539.5702578991032
524.6301423015301
267.0257941225331
389.4810337878155
553.7366891686654
384.9206847039759
282.4427358124473
262.1564312460764
334.96815404731313
297.5284155062985
637.6883611990532
483.7915461081672
555.8684324532994
289.7098587609242
351.2389572647277
346.89569943372425
511.74123440636964
