0.6464111693315238
0.950200711388696
0.7873206607261999
0.9135621312857377
0.4588547428845746
0.5264782209640423
0.7550367049943139
0.2574951375261416
0.8752106482345896
0.9367293460013569
0.23126223804886403
0.3281622574217793
0.9022152099830144
0.9253287750314365
0.43936184162501146
0.7387387902607696
0.816597472101321
0.9497172737109543
0.8817640849439154
0.8442334019772597
0.7668637779975704
0.8222842295379533
0.9707460576722352
0.8060891909354244
0.9131083808898884
0.9167233997078039
0.683670281917845
0.8028176918069989
0.9016191554438425
0.6164491273769771
0.5262671135894865
0.8480355011787175
0.8838448047581198
0.7060053454376962
0.8464916578725155
0.9345972112034705
0.9859765691483555
0.653364514138622
0.9327715506028486
0.8671304361957168
0.8529204594110615
0.5487997648767429
0.6573959674297567
0.00042600707483675393
0.8306753103683866
0.6383087604407114
0.8351627606791596
0.929710254298383
0.450271361887593
0.8027272531388313
0.7984901014642547
0.774653809740128
0.9243404853179495
0.9647293738697449
0.8528946188364328
0.7140592426572172
0.9268278001839796
0.7786232079907377
0.8338685172698734
0.9191983869923623
0.9204946052339349
0.9181464731531859
0.5894064385981204
0.7751729596593292
0.9371370758947248
0.8288468120137756
0.9744115542620805
0.9148487155917102
0.8100161165479135
0.9249341195998222
0.8299808527462103
0.8967469296276549
0.7412553229782827
0.8920309324681212
0.7293427088518061
0.6743543416095878
0.8825601931045765
0.48469863835677374
0.9278183487369998
0.9260537500096027
0.5125250319963719
0.8837718447041936
0.8892862746264059
0.9268509680491714
0.6594422973922468
0.7033584397553553
0.8189949638847805
0.8974020764314276
0.891118617781777
0.4403526023012002
0.840267496044032
0.7409895497168267
0.8580897285997825
0.9184026569533944
0.898041475817863
0.2969785572740318
0.8257364321459112
0.036293530226793824
0.9552529966228689
0.9590704053090081
0.9311279280034979
0.9430991000452273
0.7433149722366224
0.9696952352398702
0.930201835826449
0.8197038671990974
0.33740943227719333
0.9546885942205391
0.88552498766244
0.8093600055965874
0.7522128838964162
0.9520531309153109
0.7974112528203727
0.8438350831764992
0.929985735297472
0.8113520296593695
0.9682439136079181
0.8967994064900089
0.8662139914295344
0.9122918934756021
0.8146649090196676
0.8416573670938985
0.8892189325983921
0.9289391927740471
0.9198163874365686
0.9565192168454018
0.8336693739295165
0.9035749437258612
0.7352624179702871
0.8753671101448232
0.7033834280780853
0.9223716494978803
0.7728564793421305
0.8198452475024719
0.7558044146524348
0.8646285612504528
0.9365429602783543
0.8640801200942043
0.7300274118422967
0.46239085016079007
0.8479396584636765
0.8910092468781715
0.8993982540173797
0.7802608261092707
0.9037046613428392
0.6505052014913317
0.867524976763519
0.7816593746884115
0.7925729537531839
0.8869132058722047
0.5035900582338221
0.7601188532596195
0.9367210411989731
0.7893717332157841
0.9104635555835219
0.72609203186642
0.8760388217910128
0.9668174709890841
0.7815469031252877
0.8073093176640369
0.8701314745967708
0.8035247007000695
0.9440848772545414
0.5439058624910362
0.848641333090165
0.943293151007287
0.8304501139507758
0.7973116688469377
0.9008673006731674
0.9338491227927619
0.9408999967848437
0.7599965878847811
0.9872387871866215
0.6941184798905461
0.9401752222887362
0.6009345525872064
0.9296229165823721
0.8729081930973857
0.9293856923545293
0.6676262328335716
0.9274726935661681
0.9327323977545768
0.9603134002216638
0.884902138101867
0.5787505107850753
0.9130969839549317
0.9344604509889104
0.6129654763759247
0.5666828999095921
0.8396585771778865
0.7497278489742658
0.7436603761424272
0.6937651082334266
0.8842078205904328
0.6514024486599566
0.9810977946264788
0.5333862828423317
0.9611776614384273
0.6908057747114661
0.9547563958394119
0.9397836752447476
0.9829771745799568
0.8606080932401599
0.48789329900114875
0.8900089455472746
0.82238662310682
0.8562783308817296
0.936705094008194
0.4236195362270022
0.9013460191630438
0.8999579875581728
0.8172948415415228
0.9416237834909682
0.6564322739532782
0.6835813125084133
0.961451824861744
0.7171317080505552
0.6416341161309445
0.6811902813575477
0.19600861821623028
0.8467518181218189
0.9494813835820639
0.7405608126879331
0.70891831359037
0.8912923572906578
0.555173754077132
0.954262577692561
0.8850920971826062
0.9442797136086878
0.4285128092390941
0.9269454677408949
0.92354205558091
0.9451520095448444
0.8326191819743213
0.9381227811108558
0.9240835819694754
0.8524616065916848
0.9303212186629907
0.8834591534146901
0.9084786021671056
0.9783593945245375
0.9031317347081393
0.9295693708516238
0.8932760237199163
0.811094411944405
0.6851310931766541
0.8807381697816817
0.20704981128064381
0.7809569664083753
0.8847960258164511
0.9029385572018453
0.757623490040293
0.7089595673703841
0.9116840907957657
0.8623624706515618
0.9245241842397224
0.804831392151855
0.6588478278279615
0.9143307899988503
0.7515057144467204
0.9520961691924665
0.8470557023619674
0.7344578289698152
0.9334824645606918
0.9463523774109018
0.9136927685591003
0.6336204005392588
0.6152921033847103
0.766464717882412
0.902256456110883
0.9366539759015665
0.7804078453103256
0.9326448976577026
0.7624155247849741
0.8426166708217996
0.7511821893712343
0.8934574752349111
0.8155515832646449
0.9369122662903574
0.8855058279939787
0.6732903903468745
0.6803401206090948
0.707700951848649
0.8975629534917089
0.9651390644276945
0.6772515663386902
0.8243735407084465
0.5778806487152923
0.9371785912767776
0.8969513437796692
0.6722147356081623
0.9173922215048849
0.8800714826235483
0.8532010922423219
0.844936654129624
0.8413867502576259
0.8294073576045918
0.8878140097962761
0.8918312588524634
0.8749200952386638
0.8947280733214387
0.39867447806568734
0.6279076094683438
0.9441010983345377
0.9502768362522517
0.9535826439841976
0.9837235292616617
0.5048215481213965
0.7801850275838389
0.8164861038532912
0.6984519148007428
0.7972668806733793
0.6916807850754663
0.9667614759066547
0.7593109484079925
0.9546444730940994
0.8912205399961131
0.8152204154800059
0.8919833381258743
0.8260271860035273
0.7348484047523494
0.8491470230462643
0.7995546139232698
0.880345061465954
0.7265904514093813
0.890838692402594
0.8337117691989733
0.7058465810376588
0.9048006464832463
0.7438126775629613
0.973757114483725
0.8336251416220901
0.4485185660714165
0.7957642549051733
0.9469957851766484
0.5139393401945392
0.936418990573823
0.8903290118886993
0.8791003115730107
0.9249214733652766
0.7066731578446233
0.7474149980217972
0.8168101278755391
0.9622157977521153
0.8822046773290979
0.8274211963837406
0.8679666549765119
0.7127137977694373
0.7650365505329256
0.7738156438172236
0.9572174619841823
0.875465165979633
0.8647220291431633
0.9166072171767053
0.7047617488012718
0.9002818129375117
0.9827644298926845
0.17658579749727443
0.8508504287149454
0.9524861984152126
0.7156128750058843
0.7986584447418184
0.8972890184502236
0.8969478626359481
0.8932615229592409
0.7785537727798875
0.7319275688738622
0.8671496682608532
0.7591370769996257
0.9287574227419897
0.9412820582865431
0.8970821955854594
0.8566275629152966
0.8907380777174749
0.9194779653677417
0.957529953573132
0.8670637540587905
0.5542561594977351
0.6699911443825531
0.8916748385512581
0.8714214468332645
0.5548699879579635
0.9404230663108322
0.7739315755122752
0.9332513149597471
0.5710063063567914
0.9151901932982274
0.8688171907772971
0.9413496434940086
0.8632759610864669
0.78624064718245
0.7651011028405974
0.9671358628324521
0.8022052202036637
0.7869450023877077
0.6048181521615572
0.8648281938202584
0.7933763665897651
0.9724318099088145
0.6192389187481715
0.8771751015178106
0.9140560864595373
0.8370901445597214
0.9683928101395451
0.9442205457317756
0.9004283809030017
0.5213200758310775
0.9428242941094677
0.9722579019176396
0.5662279953233912
0.8708845300892667
0.9569656131419664
0.9159541804382891
0.6759639845457301
0.8716671478536628
0.9548472426098297
0.9522153171136848
0.9729084015085401
0.8031833335072318
0.8966503844859892
0.9436197772383064
0.47338434812640695
0.969066529526572
0.9318983484155127
0.895236640304915
0.6389613601433904
0.8019667416501894
0.8360388853897329
0.9534391969229775
0.882948432823679
0.9157611757020153
0.7475516070780425
0.8117479443191877
0.8572029447265999
0.952323208696577
0.8931941561506783
0.7655330002181453
0.9557715753075128
0.8423957304133589
0.7812477616950184
0.9393405228422902
0.9489479441440088
0.8907650968489546
0.5700477983038332
0.8884201617266484
0.8606424700152994
0.4790678349111108
0.876907315417216
0.8685605201678138
0.6460805899481377
0.7650955588659845
0.8016195353731862
0.8103326868480921
0.8905593450632949
0.6925428937991183
0.8489466629680318
0.8558166884198657
0.9098147981417749
0.8317690949095723
0.9638219125025197
0.9177008417780083
0.9056529102745245
0.9101437484119583
0.6606444569182831
0.605499814342652
0.8779669893679428
0.4365302150203558
0.8967095512605862
0.3310625698385732
0.8827819971958485
0.9067931700211751
0.8084698410061487
0.427513135121816
0.8876473457881904
0.8503742999801137
0.5153334084678943
0.8342641101155945
0.6339905788174532
0.9734924556079733
0.9526917180082686
0.7207535550581687
0.7090790663853586
0.981654562203159
0.8308798566007097
0.7300691875461527
0.8084327475342219
0.9258685004476988
0.9718762574993987
0.925452518713821
0.46130788528758815
0.9345470694180127
0.8382727441688411
0.5956612925299778
0.858041024393177
0.9538929737307832
0.9099750819123383
0.9158553169190877
0.7530206645172797
0.8830211361117227
0.9398649581364018
0.8487773316997487
0.775441855483334
0.8973655313676827
0.8994982905178569
0.625889552966821
0.9684794895181303
0.8921670124452262
0.722256845796929
0.6693974929881135
0.7046508724334801
0.6456774874729827
0.9002398708439756
0.9623280111607643
0.9163649675659243
0.9316776137193381
0.8163370981133448
0.7244846949102826
0.8994192240771228
0.4418033031618188
0.7581482874626899
0.7437866655078997
0.8000423250477364
0.26733096187387984
0.8980249360015828
0.9678261171181884
0.8625671666082783
0.9457115509891395
0.9188653497330542
0.927321392298662
0.9394608098884265
0.8870473312499878
0.9501663567738428
0.772556027187274
0.9426834371880224
0.8573893834928508
0.9679918370352082
0.9509817815224573
0.9196515077544737
0.24733708841358604
0.7887452920408795
0.5193765392701879
0.8588771971953764
0.9508373354126238
0.7540995605661813
0.9638459605607917
0.8298178891624772
0.8209033718213661
0.9594378914325534
0.908878095303667
0.7359433937617816
0.8327352090569482
0.8566875520270123
0.7092955977668087
0.6435394580916008
0.9098502758431899
0.9652160403571135
0.7960326593228997
0.7016512874837296
0.5672315402968504
0.9456202888194701
0.8461869905988383
0.4549370231593489
0.8195739480459538
0.6761166243144667
0.8416234399778789
0.7125674763331218
0.3277385157404934
0.8934058454381266
0.8546334827436872
0.8444197258834929
0.3138022767203692
0.8886637218316252
0.9087887991219843
0.8061578155038488
0.8922486155426944
0.7622409738195253
0.7927298341551241
0.9639788826955291
0.8555368346681232
0.6766896597566026
0.9465139894233028
0.7466288553703484
0.9029234580582378
0.6990805530038545
0.8654006039312112
0.8645873306849455
0.8464000414947629
0.9120580423444142
0.9530508375399921
0.913363841773415
0.8872390545023299
0.8907195327091062
0.674111476368656
0.8186194477760115
0.9378905142436316
0.6453445393553677
0.9408429151309831
0.8896727746262003
0.9445860427103228
0.459709178701065
0.8541175505801091
0.7986908272815973
0.9047138443779912
0.7659853949129315
0.8950802810456046
0.9584011224958996
0.5679351503883427
0.8635879553862177
0.8863460045285683
0.8679375208633469
0.8130698590710447
0.9068288428833187
0.4805750167378089
0.8722473258785701
0.21369875646111158
0.8378527068299488
0.8248339372281766
0.9619577173475543
0.8876282963663366
0.5604467598858007
0.7393132073178891
0.9422327277589002
0.8705220223294622
0.768328194995778
0.8415715373515508
0.8909729236578009
0.6970553128287911
0.9516017410293448
0.8698587333587653
0.9648485615630014
0.5014981353512943
0.08754922024363976
0.8350363518981736
0.9330457414653233
0.9082996801657713
0.8895499096936988
0.3083757124572156
0.7714139992424497
0.84416811349226
0.9081093344617278
0.8094909417344123
0.7937347562431044
0.8656449758549922
0.8767411861646102
0.7552602168408079
0.9152936900144842
0.938016392067951
0.7635861788135002
0.9447575203181209
0.9601158592055385
0.6372698451203972
0.3295315235975822
0.8996075504466172
0.6681357356312527
0.7019935734487908
0.8832537397004674
0.9190857999985569
0.8596296927701472
0.9677056362288103
0.6980911665104559
0.7966560345435659
0.7524186984805896
0.774053123674799
0.9188500141211555
0.812504612881344
0.8638244811944792
0.9048480428953538
0.6637056647342086
0.9338018775609563
0.974770324907004
0.9437487958082396
0.7180030582010042
0.8436608831661185
0.8822897458676733
0.8718472205343417
0.8006524094960952
0.966008377768808
0.9165525953502743
0.8553190695435906
0.7167920238427029
0.6112051306667788
0.9498917972389154
0.946616970206205
0.8352910701629366
0.9470737033047303
0.9512975220699597
0.9101958169337001
0.7516197316229984
0.7205588328764243
0.6380522028249059
0.8538837645639967
0.48318484171606746
0.8810811870600941
0.9478179069850484
0.9107912965575327
0.8964013645752
0.8628787698324644
0.8490649212385543
0.9374876985309543
0.649733441693195
0.7812033554676726
0.8626845158670308
0.9419570940260823
0.942139318112682
0.8518825422519586
0.7702023863398478
0.3010261623817324
0.8334439342988469
0.8541659242236541
0.8759586401760442
0.6138754243377611
0.8193599643739277
0.8102414036248974
0.661703347950447
0.9315321352781436
0.9346145957009303
0.35173365416833113
0.7947036627120551
0.8283596814462728
0.8053195770161334
0.5111948657414811
0.8649401193346431
0.39280715474735595
0.7010804209669812
0.6196623351415922
0.6329424768569007
0.03788932004874479
0.5952933570536989
0.8875443619065084
0.9515122271941784
0.9326770256291788
0.7234650973622512
0.9382624160188401
0.7025116576691695
0.3603381930194808
0.8722514453475645
0.5714286220960736
0.9706839174846252
0.7752967715534717
0.9032491682062228
0.9257082619664571
0.9701887942545349
0.8388620692215227
0.8225145411499725
0.9193273107036364
0.9635475321660552
0.9718149211481337
0.800238956325013
0.7270834135298385
0.8231334115677513
0.9776602631081385
0.7000779614108554
0.9285662410451774
0.1842399269018341
0.9317339444158544
0.9237454988340732
0.7802797378371396
0.9335818844905936
0.8870341014343779
0.9145254773757625
0.8859471542116271
0.9479752910412242
0.4832438243363827
0.907961743070236
0.8730696194538166
0.9444439606391946
0.8600724710287044
0.8573145859945156
0.9273581996906272
0.8170112448880729
0.7449347694058269
0.9275350421497497
0.854968569982835
0.9048197603598371
0.8828486777753017
0.7399557840028359
0.8630107542060508
0.8851637006619012
0.9382696516223309
0.8404377798688465
0.8650016404271355
0.9343349850784213
0.6428297794634092
0.6609547778770689
0.9572712193946464
0.9383714427810664
0.8572551135594344
0.5735079575758995
0.9420763654918648
0.9290538347283531
0.7616665928854707
0.7537524724664126
0.904328507765378
0.8023191214788317
0.8140912999450809
0.8003791385151025
0.8894016455179532
0.932572505533946
0.745181271456191
0.9397044992050072
0.8018898042512572
0.8284888785264608
0.9456955219145888
0.9512480815524635
0.8756417160438247
0.5287416955927933
0.5598321961457269
0.9511496940000307
0.9520143117291335
0.9417494323227927
0.8979565234505968
0.949730341210917
0.9287277738260603
0.676536530984869
0.8287358748398954
0.9625577208374321
0.5971999660602983
0.8401475418354158
0.8523802687462547
0.7830740899403063
0.07154127453891923
0.7599588621721287
0.8460182572908886
0.7590841326440932
0.5518731154866721
0.928219532690717
0.898359632910709
0.8003602521692097
0.8493076027756747
0.9539804884617925
0.9211864749222388
0.4362000394742731
0.9035048255356607
0.5980997457927815
0.9363058852227558
0.9513583848544708
0.6737375513726189
0.20851042094988104
0.898491722812124
0.5858293099308558
0.6969646012049868
0.7607609477176833
0.89258865697846
0.958933852385897
0.5210734379425661
0.7119616530133953
0.866607320568375
0.9611394964780205
0.4391992764974869
0.8653544548084156
0.9649852018556571
0.9375396834958933
0.7964504923534289
0.7550727648354658
0.8277835353074369
0.9632385594900315
0.733764090931281
0.9558451552403373
0.6233786427873547
0.7901896685694314
0.9320276323762887
0.8806599510541574
0.8197391299105015
0.9663957504759226
0.9477504008803248
0.7840124366002406
0.8320425769930319
0.8943099353043801
0.9746900834667158
0.9536023173409371
0.7129206536627721
0.6303311392022242
0.8890687274885296
0.965431253060561
0.7345426816736789
0.9038124198955675
0.902150422972015
0.7822700512578299
0.8741167304076805
0.7598159999533821
0.8532389201335283
0.5952047976770031
0.7506324349315985
0.7487957736334457
0.9693205817979184
0.9548292838280039
0.8114345620400989
0.8210130205481256
0.9593802033870303
0.8514213754293407
0.9422266483585325
0.8069509462012396
0.7871709162355424
0.7676518245011414
0.9092078309550324
0.8575861138578345
0.8400633964147349
0.8257603012160224
0.9084154534689723
0.8138621335566416
0.7777724551028764
0.7097940796064572
0.8001936250657484
0.7596176607483576
0.789422419918207
0.9107653453373273
0.9338630989737019
0.8521454221892477
0.9249573904044154
0.9143488308430981
0.907287130635586
0.8451106805190827
0.8885049857977368
0.8821781907787413
0.9623470023161512
0.9152253222798101
0.886795632969738
0.9504928181176843
0.6997855876188602
0.9560461917951648
0.8662785711605167
0.9258099673079866
0.9073545830141005
0.8394084485322075
0.9763404444497596
0.7532272237624564
0.9462669828857917
0.8686062247469171
0.8391387195632322
0.9712306616619324
0.7953947249654
0.9152135722427661
0.8625948981089944
0.8776178770997998
0.619266353828203
0.8518102799621272
0.7717092693693824
0.7070908699245873
0.9446358526847336
0.8376599133219376
0.9554739245048725
0.9517057963871836
0.8394545179356359
0.7832666520350747
0.8987278678719903
0.920151503359786
0.3539675017477776
0.8998166869291447
0.8167151818842157
0.6689615749783852
0.9130479889296591
0.8064872834507557
0.9474900857096515
0.6747850972449834
0.631910127475338
0.8823796172042789
0.6860736398946956
0.8545619482453032
0.7768548001599711
0.8781454039533737
0.9130295965496588
0.8583492251976984
0.3026117336573344
0.9096863170792091
0.645559580405549
0.7258025140124627
0.9057024038326802
0.6276321960727846
0.8365458097451973
0.5414967880463889
0.22754968255902497
0.9740854049130802
0.926730926112078
0.8366707322239261
0.8343618338015596
0.7355337692646325
0.9351036133789349
0.9177671821046922
0.9589457580606682
0.7756431253015099
0.8172120426260634
0.7107958184243769
0.5277149278434707
0.9235518615256737
0.7828952617884588
0.33291093449422193
0.821483062405731
0.8160644943992876
0.8536470737108999
0.9348382736054193
0.8764036549303629
0.9345768947598351
0.9211193818752089
0.7912157703707492
0.8259681689188811
0.9425856561470501
0.907833319819972
0.40967671614997425
0.557541601804421
0.6591209309923199
0.7257576049510248
0.6607905685993243
0.8627905962403188
0.8900354682347095
0.8699817621388042
0.9570377931549332
0.9323888489300002
0.9093499896486975
0.8575257065384624
0.740348827593535
0.8273000257996532
0.7587497445661615
0.9570706973341634
0.7748221250780096
0.9498191221025678
0.8088262431379629
0.5914828921955482
0.9245396315402064
0.6576332750937759
0.6753920263523285
0.8505466310333317
0.9765271595311419
0.9522517903752874
0.9373789531517268
0.9289656243069807
0.8270926964343714
0.7093126741277153
0.4704502801351518
0.8544814051704261
0.7544487552913163
0.8984354618231487
0.9519086798293486
0.5475520776156821
0.5659262274982126
0.9335314797244367
0.9709716841113109
0.8987018207363163
0.7878062620146092
0.38631493353500446
0.9183354205015034
0.7661358431115518
0.9593230627043151
0.9675019496293359
0.9010406733484777
0.8530681491804205
0.921020764049719
0.9461619237012506
0.5797511689947688
0.6763807562220391
0.952857574598006
0.7771594645149649
0.5890730875603445
0.6123280060236196
0.9467399440980858
0.9621381854602266
0.9552995320480988
0.8813533369921394
0.8429964384318501
0.8982613380127988
0.9114867482393147
0.7080877452138294
0.7767254300158225
0.9021861908612924
0.8650181650296526
0.983511065138999
0.8699117620966749
0.8720463240643219
0.868500999308573
0.8545907059690597
0.8857412204380063
0.778715253331753
0.8661259816307051
0.7432347879974724
0.9193480703045502
0.9173447766137186
0.970880225307291
0.9141893890860409
0.8624841299356495
0.7502979330932034
0.9400899013557722
0.9123823834311483
0.9360895933610163
0.8531905534258933
0.8086248023435716
0.742171741725228
0.8658375601317014
0.5446583801329106
0.846109014382747
0.9756257505942562
0.7906614445395308
0.435482963930074
0.8556099274395796
0.9169703482054374
0.7549176941598421
0.8094623006237711
0.9835615110421381
0.9246964328870557
0.8448872818448512
0.76992062359879
0.8928994959214823
0.575238001593914
0.8439337167734418
0.9142348093713284
0.9318271915873155
0.9569949095241274
0.8608220296620621
0.8101903852002506
0.8988349459251168
0.15469380911267017
0.9121610304773891
0.8207126840455936
0.8935764117877044
0.9281167861324524
0.8677495443103929
0.9211631375844348
0.7735095834476975
0.7413060940193802
0.9153357918015685
0.8411676217741284
0.6600525962695145
0.9767000798954545
0.6295004470352001
0.8977116160604109
0.8657860323831081
0.9028375164530139
0.8621723413815456
0.7252191299694304
0.9314804410508558
0.7981786640835705
0.8731305462189173
0.846507018344322
0.8892411684610727
0.9275933010891488
0.8394743261735461
0.9653554025140936
0.6902651103837836
0.7554172197601885
0.8812234705236185
0.9131621239065802
0.8700525118083057
0.9020035753997784
0.4963082256682496
0.9525523646293305
0.9474674205161998
0.8914949408398115
0.8916059554116171
0.8340755588921304
0.861226395280254
0.898142285790975
0.8346918516293399
0.7884263481160205
0.7943325357872569
0.617655780529698
0.895497150389975
0.8095520856314142
0.6370617762410842
0.9310148666965313
0.5621696494940043
0.8995404163647814
0.9482415816101791
0.929496660236343
0.9586133949897279
0.8363654714371399
0.9227267124481546
0.643210906185262
0.3621313334350331
0.9096142191116336
0.9580598158903673
0.6975887125516522
0.8350912624694292
0.6061760632750948
0.8879530715624633
0.9439413142478617
0.7720056828131299
0.9543459325235597
0.7073745208966604
0.5298875092276949
0.7492436402895601
0.9401505314741586
0.7020775191788284
0.8203871442821484
0.9150437434138401
0.8254323335785259
0.9593407917659482
0.9662558551062426
0.6428409483920933
0.9605260974575026
0.19430702023677826
0.7467473748882933
0.080615035417262
0.752271276995315
0.8279833120494321
0.8893838824514353
0.8385531759081913
0.694501431994611
0.830631040993328
0.8423292082686656
0.7448067976149266
0.6003887144352078
0.9246410311921592
0.8282734045692135
0.911905448928071
0.9386183888062352
0.8495718667440015
0.857241713066255
0.7771015301692888
0.7133575648971604
0.8741916132938392
0.851841145665398
0.8784355467780313
0.8928019439304405
0.5661292853287424
0.8333367985640852
0.8506060380758542
0.9423428687784243
0.797924086965234
0.48380021388438277
0.9569161016802287
0.9706508002709126
0.8992552953291854
0.8830688888029876
0.784229098153541
0.9195582077238509
0.7545641461822209
0.8733084272883742
0.9565770212529019
0.8554595387393505
0.9511361323463575
0.948087958560595
0.7230017321929902
0.9674712321403869
0.9542933000986974
0.6381010647442364
0.9263620398958672
0.5924796099448157
0.6981652435323462
0.48802790035954513
0.8719596584239744
0.5534358606094304
0.9115577363452837
0.9234512531521233
0.653053862023468
0.41975294642745775
0.957945863768058
0.9250585912847196
0.8368459404117463
0.8359121756272652
0.783328867547399
0.8585876897105199
0.97673670887733
0.8184936659575444
0.8800440057712825
0.9443354666974606
0.9061697579878073
0.9585297641151361
0.84947431576558
0.9530164905161521
0.9127934271028151
0.9576667592187645
0.7417611908293911
0.9065803772153975
0.9573397834071015
0.8048922646336062
0.9038606258524667
0.8952031287967616
0.717584467017422
0.9738310448291703
0.9342581023210994
0.8256290410680448
0.9708192920191662
0.807719947825349
0.7233392820616888
0.8887408643528708
0.7325423420729061
0.9799906408967903
0.686174073669066
0.8989590915575958
0.9127068453894706
0.9323086796371912
0.9391723875842625
0.846324870436586
0.851184920096534
0.8556996519265911
0.8370398949342844
0.9255222811855535
0.8261130879953061
0.9753557589472904
0.9028066405923358
0.9255132314038206
0.9342109769665614
0.8001562977780114
0.8585780726310794
0.8641828059527572
0.6725954149254032
0.9615362826964611
0.9164445329789743
0.5875673581716119
0.7060840919501385
0.7052121503007409
0.6735336233939198
0.7515671161190558
0.8018478365347126
0.671594601167856
0.9142686452256263
0.9011883939003205
0.7897129842672399
0.8948319076580753
0.6477412812565297
0.9645171672118638
0.46042404506336587
0.7289935482626205
0.9336716291801201
0.9446179065106588
0.9281625761317663
0.8550670784929291
0.834411038932809
0.9085334796153485
0.9487051653238461
0.7101181476204632
0.9439000337649955
0.7442213282559823
0.326640706163267
0.8519641413683435
0.5284309615785331
0.6397394738503952
0.9329961855535698
0.8978201593373296
0.8022606232038332
0.9339939299818512
0.7349410473215997
0.9162758037844627
0.9722215104468624
0.9796001287071542
0.8930987124321369
0.8043681277344708
0.7883799911727875
0.8174337553205976
0.8432221767724926
0.9276859225802124
0.39784914484223444
0.9189211576313112
0.9322282150945425
0.8809422740179752
0.9179704230793725
0.6415133520662955
0.7827897085962006
0.7673562268450352
0.7494977000565881
0.7846714452703021
0.7494301981072328
0.7631240970533486
0.812437907261183
0.925644035372237
0.9286285408128363
0.9005451340559925
0.9216485722413715
0.7987589282568762
0.1584076724814043
0.5522434408666166
0.8162492113561939
0.811616844274364
0.8629802511015628
0.8579860781760078
0.9171751824196698
0.9013078145370342
0.8963599898031303
0.9019110063644281
0.9250183959679683
0.5999267272478865
0.7122853848991482
0.814791371392069
0.9656352700821351
0.32441596384141047
0.8593642255863163
0.8622883276006115
0.8474078377994411
0.875107268924625
0.9138082021576943
0.9018296256599491
0.6921294514610294
0.8671104089199517
0.8183337944125189
0.7408091183175668
0.9370577236357645
0.8252621165206835
0.8367788420465572
0.9803477536318197
0.8648019123410867
0.3410516533583985
0.7177669135033299
0.8937598028332401
0.9328293875535859
0.9181640147942005
0.7936442788243324
0.6923293692622124
0.796179239458485
0.8670487484649195
0.8728743650613652
0.6448407220751661
0.5477594067292841
0.8805477519707788
0.7906857040357078
0.8585385828988775
0.9168414323111127
0.913921015174667
0.5916634677454295
0.8995480731061698
0.9728898637579485
0.9505792425031006
0.6904869450615794
0.9359451409783601
0.8562014638813353
0.9280738089315761
0.8248509392485254
0.5737683211890922
0.9469347564209047
0.8942225666590217
0.7238838829039489
0.7315254814832655
0.8945589371426855
0.8978712574659351
0.8491952397016742
0.9431488746321385
0.9329073772119746
0.9005741413658395
0.9154175494689093
0.9688853550761307
0.9398535970228752
0.7191417820818101
0.9003172532876687
0.060695457164763655
0.7358619312155599
0.7792373200612324
0.8957625783267
0.9265620066915113
0.9220389881998516
0.8887223824775414
0.816535801130818
0.8277487747610751
0.9105756276139952
0.83073965547202
0.8809854433712516
0.9351962666494417
0.9769099126362308
0.33603737899809094
0.7079027919219422
0.9358766240558307
0.8604544548361197
0.8742469197280972
0.7500214633358322
0.7510644747671884
0.878151247444015
0.964690132234496
0.9216780745403148
0.7863185276758139
0.7063003593171291
0.739011140876902
0.7703326615680904
0.7889515673357368
0.6843540453614778
0.9185145607228704
0.9468070728624027
0.9627316622763898
0.3684585089068567
0.846657244267419
0.394216644521152
0.9662646627813066
0.9581162288423127
0.95173800642851
0.7615174432857623
0.9124628992032565
0.9598694672570108
0.8704897594340486
0.8352644229216678
0.7303365200737056
0.9024435441541905
0.8347104359671319
0.9093212708118864
0.9144019174934153
0.6173767053019776
0.8420569363639212
0.841770495584756
0.6291991581229892
0.8086941801979262
0.912614548052587
0.39704524738592883
0.7488566560237874
0.9164358869483235
0.7312086741982693
0.9247124061753489
0.8927886148253802
0.7471419493934917
0.931587673315142
0.8854589095625083
0.7637368079493853
0.8971976067086291
0.5977057714819494
0.8169050625048692
0.8728152366840696
0.9463253524217121
0.9538445591423246
0.5344042322712044
0.9567050355160087
0.9600049453646599
0.8860990343711593
0.8898197937401131
0.9468353797569797
0.9424105268272499
0.8691012319505594
0.6053471943385287
0.9492187774209008
0.9629052337562954
0.7646455522270094
0.8497409448866613
0.4970685780749736
0.9472196060085691
0.7927624570020165
0.8687480006175059
0.8931294457938405
0.35155291406283573
0.20421239641323707
0.8244253068995295
0.43384093412542524
0.769188481858907
0.8547860549197174
0.9480023680261519
0.22620553145158928
0.9533111311225907
0.9237819280233059
0.8522991287527034
0.3536105220311472
0.8017382666887674
0.9779457013995502
0.8216799386960119
0.9615448314576306
0.9207553568285711
0.7484640501028129
0.9748428830924929
0.9819184806385264
0.8632881691828449
0.577622943229954
0.91941320219601
0.9020689237581397
0.9515650445037989
0.7849076273140234
0.8828314739817505
0.8968496365405304
0.8301361801807228
0.8123077110991244
0.5961551326664511
0.795019538972101
0.8639863499142834
0.06266674082409951
0.7639171607623044
0.8196130156369833
0.9008919474498694
0.7219634419295158
0.8094027094188052
0.6782452082780208
0.9655125083116797
0.4744406027117183
0.9350191088280473
0.8170330382174403
0.39751607349897866
0.6643888595154332
0.9140983851708792
0.7966157940745432
0.9054156284368916
0.9043869159948286
0.8517285712562815
0.7310545027308941
0.7924153419604504
0.5093220164152661
0.9500417404813879
0.8609930231117121
0.9575999540760787
0.8070037970810583
0.9646470545606523
0.8054511057944688
0.6659526902722088
0.8126550019389754
0.905728228537861
0.5804395127048365
0.6804479203344183
0.47077501731165006
0.5682524760647791
0.5806157072836873
0.8126846577918498
0.9272396081265335
0.970914367977987
0.7789393463721133
0.5988917934070687
0.9506010108484396
0.3299306131503337
0.8987770040949552
0.8157987702466725
0.8512325200049136
0.8118301457970767
0.8264584324581042
0.872773553704119
0.9641155998375011
0.8040182136222103
0.9079053107711026
0.9294439351702789
0.7693845130586285
0.6214944170234931
0.9073231807242221
0.8939669660388948
0.9333950184571675
0.2734994232748228
0.8050648536375078
0.9231240222454699
0.6516022472614553
0.5643057179312694
0.8639220492819715
0.8099223748946547
0.8770519319692335
0.8877113806750757
0.8571125350188753
0.8692170862196265
0.7614569071046904
0.662815527867493
0.9262794713542393
0.8380828300104581
0.787038075929953
0.7879815531094402
0.5893016459877188
0.8729707434109979
0.8658658298204074
0.9519441483500023
0.8778010561280293
0.8717362180262341
0.7805376932032659
0.8858457043268444
0.6967024295169535
0.7226368461051882
0.7610004785703526
0.8568060963750045
0.8553911588298345
0.917301982908326
0.3679893795843081
0.9147501834710143
0.77603510906321
0.9325788217365654
0.8410990934600701
0.9274218682524193
0.6685615320357612
0.8502763474191044
0.8107907570120171
0.4527565368678437
0.9282999197635133
0.7976525419501419
0.6826687917417541
0.9124498437991853
0.9131809237087725
0.8953526697254837
0.7455478214653279
0.9361440064701632
0.9184222187556477
0.7627375870801568
0.8143985248401575
0.5162011884823061
0.8610646371382294
0.7761038718191121
0.8894972310935338
0.9373909034037773
0.7358131235969179
0.9501147508833117
0.9625891799867855
0.844474450341056
0.9607887896064012
0.8914703185638359
0.9611009937424699
0.5578488043349286
0.6604156219181925
0.6728589481803342
0.39361146971299354
0.85155576729293
0.9618481501860345
0.9426428978854394
0.8467012323901372
0.6578148412006124
0.8354485029027019
0.8810486870755234
0.8113836298356587
0.8591459122790776
0.8191408741200541
0.6113310167834111
0.8453411326102473
0.9301737512488525
0.9099924647728387
0.9877175269799737
0.27028817748210276
0.8448736319506704
0.8508826234330222
0.9586055095419279
0.947306870374969
0.7957421893932046
0.9664737672654169
0.8704361949617264
0.9114088736221737
0.41920295327704604
0.559047517221549
0.7543390066621806
0.9282667023847737
0.8601936213272617
0.9379926883323004
0.8035644212271481
0.8239923951818451
0.8547254444225475
0.8321465513447739
0.745147286291094
0.9065274068667133
0.9619523426234667
0.9256969235961326
0.6503596105859519
0.9540879711019333
0.9802730942361578
0.5837579669925075
0.7895082049640889
0.9826644236174502
0.5677048459046514
0.856394146094612
0.8447175941050216
0.9550753277934821
0.7933207822425062
0.9365731728263053
0.872397170215126
0.8297097791116655
0.9290864825334715
0.5582254418555718
0.781965480781214
0.9374265642572632
0.5360023926240561
0.7660894006965224
0.9453648929134337
0.8789333719677447
0.9295856249069632
0.7729889204958243
0.9503354394354196
0.9239960015755292
0.8456502862133939
0.9357077749809796
0.2608901212885093
0.4615989707785271
0.9406562958893525
0.9492624830864597
0.9673969693159504
0.7328277950178486
0.9422672867637499
0.6126296834136356
0.9084638458014278
0.8638771038885443
0.7261532335066672
0.836312491182623
0.9172272677038279
0.697836426079625
0.9444635919421214
0.9514973781531556
0.9436552006939553
0.8399764357186132
0.9820307383249206
0.9549034208977559
0.5355547536389113
0.888483567377656
0.9174745730894767
0.9656546848925783
0.8214327611400556
0.8743165168712779
0.9499166420039753
0.8917719581545903
0.9305489927085984
0.9253656970693611
0.8326401069844778
0.7049866297770815
0.9525790970710535
0.9041925219409569
0.821335699588103
0.8799156690537073
0.7766152129291046
0.7903153103601526
0.9429814685989857
0.8661747308457571
0.444487619431967
0.7354341576467425
0.9499376212461014
0.8247018632966172
0.9384556595864155
0.7335552172940838
0.923606915987929
0.4673086244872121
0.9177370189973877
0.7794691434858604
0.9006122013325396
0.8773663863372401
0.9491222589325032
0.8967279427547247
0.5115830564777705
0.7316191774110551
0.9341818653194743
0.8813264376395586
0.8400389990836821
0.9283586053880726
0.8316634227383416
0.9410920049056931
0.8863938422902081
0.6205561047428362
0.8207823370667124
0.9303927497597534
0.8852933280473856
0.8507069029947596
0.9595335225627292
0.5119090369640834
0.7447618874951699
0.9060944119601386
0.8804933100539902
0.9587231268966826
0.8849883840160062
0.7745428006322718
0.9417739109395016
0.7396234153248908
0.9427528462330032
0.8901052641351092
0.8444531766338838
0.794241016294436
0.8395370951123606
0.8537975360988873
0.7982126881558214
0.7882681913323435
0.7881152514894485
0.9508198031889953
0.9440535974720472
0.8312290255413022
0.963741191294495
0.7654994496377944
0.9081315972431709
0.8817280594175761
0.9286796435609208
0.8795885880317991
0.40774462055004335
0.7038183399980013
0.7829729820506346
0.8897100505002195
0.9630853017888162
0.9531108740670613
0.8833878340598353
0.7144337678296713
0.8953069497794495
0.6072897073631894
0.882752458856037
0.7963509613714852
0.8626264977881043
0.7646988223020207
0.9856864048214582
0.908816618446624
0.6872088169555339
0.9084393426353963
0.5573113431497718
0.873430113944836
0.960458384958129
0.6690176869072062
0.9524282892571202
0.39228397640806023
0.9233898219761617
0.909291612280762
0.4956678493506729
0.9867529725675954
0.8499820699573291
0.9033656702789027
0.8679838370928827
0.8780458630545749
0.7790349571391656
0.07015870582327599
0.5933886464483882
0.9195055257665825
0.9240431130866904
0.8675422053468991
0.8562403538986844
0.861594726358109
0.9343565019707103
0.7317545378414487
0.8886191477748477
0.9318461881653677
0.7728294774164682
0.8759702487336024
0.9920234006917732
0.7824167820667384
0.894140681263704
0.92700641080817
0.8399403795309419
0.8086750267437741
0.9066977768840182
0.7641215808235737
0.38074653111932644
0.9164944128319448
0.9120163335224601
0.8576874080997708
0.8459612807495889
0.7517028310293078
0.7458641404399131
0.8105431803109674
0.9369936015248174
0.6344257061699659
0.8133715352641121
0.7823317164685686
0.9750185059562327
0.8020184856906845
0.8860100432489221
0.864042796719646
0.8945444541599077
0.879539853565146
0.5370162104092435
0.884265886838696
0.8382399735202108
0.8637325850463146
0.6263001049370253
0.614675152163144
0.8610137219509018
0.8994749452470872
0.706445490520856
0.6325671121953385
0.9464472492398712
0.41399941515011174
0.7336853953015576
0.8076814742009003
0.6079350040556137
0.563333066854311
0.8993687451336453
0.7429359309228813
0.8997274975782279
0.9673320121388935
0.7663166013892476
0.49509819972756275
0.631644956977474
0.8565960079167737
0.9305194033477179
0.8996388477856008
0.893066128380915
0.6837147999444608
0.9046542944372477
0.971313203511706
0.917204642940794
0.9671932441116906
0.9284762834674147
0.874530452654783
0.896601222323086
0.7162275111674863
0.9682819625853866
0.9409447986631778
0.7925539581759246
0.8962945417476369
0.7449072997405104
0.9321296466604343
0.9405261252026922
0.9553966818407895
0.9318041169356721
0.7876985301755728
0.9362587966187477
0.9549741223065388
0.9257898919912045
0.7821086256480491
0.8871018318614767
0.42643731949392616
0.979006719867297
0.8056694340439445
0.7017073801643516
0.8959462582553578
0.8739304539763197
0.7606676086976847
0.8603064129251292
0.7415208854218059
0.8668482204015957
0.4121665740208724
0.9594746564350404
0.4040465595967577
0.9586989624085267
0.8980962983615735
0.8406554790752022
0.8516706214655541
0.7877108081603624
0.9199997556333663
0.40817094803498655
0.5177157217145871
0.7864285568941267
0.9563477130536195
0.921763900194358
0.9322867785966291
0.8924629212612726
0.8668939628155117
0.9192695697513047
0.9751190855857241
0.7939798178590138
0.9081806843609649
0.551653004873939
0.6521338842871491
0.8267332234857169
0.9092799365845945
0.9136556327898633
0.9746638278431999
0.4878045510003004
0.49659932880798363
0.42717117537775584
0.8919281954408949
0.7847294309002169
0.6548432844621003
0.6894541884174408
0.8020996380279283
0.3857101807044506
0.9352639278414081
0.9174956770834902
0.9756916718158272
0.9623065928145317
0.5418163090997558
0.8579205775335579
0.9059805850760129
0.7952628941375623
0.8955777318986993
0.6890343140688744
0.7827629183037554
0.970053192579171
0.9576316965828477
0.5921208142655592
0.9107254454429234
0.7318169175656796
0.8631117939902456
0.8844115616250631
0.9568382618829177
0.8357081650402397
0.4347632826510669
0.6868844575468369
0.9322690696781313
0.9251351943034827
0.8286643821632635
0.8187664956632799
0.4254268823675811
0.45539981302737886
0.8713880540758177
0.8839955044789236
0.8186006732447075
0.8458344697201468
0.9301380262278072
0.8626770587726225
0.9715013110401641
0.5501073741853981
0.9259603540204037
0.8295847697455763
0.7678779862929902
0.9208105861332698
0.8493739652463839
0.8227670565210836
0.9192572552969809
0.848828399292483
0.9305047061877583
0.8597326385135292
0.887124919141584
0.9159267721792336
0.9476432999015411
0.3210933883489414
0.7182056853350435
0.7420212632383775
0.8839000122348911
0.9698338221411132
0.961987142022785
0.9493922458883381
0.9025576638822636
0.8202680249429545
0.7620322048376271
0.8008363391339177
0.9644797232802105
0.932113316515397
0.9633610921502406
0.9455989878473487
0.4154031797373402
0.4627458765684056
0.7936767983471683
0.9381736299713012
0.9119974820903756
0.9866049043295768
0.7768120281177305
0.9402361206390456
0.8707348131015583
0.7193520225124483
0.943716138693892
0.840402469893242
0.4019509700563809
0.7885135489559388
0.719370219090042
0.048235176786174505
0.7159494297385429
0.610281675281354
0.9391363695676669
0.9264004199168712
0.5052218750796149
0.7174968196860766
0.9033892575840584
0.8212840776411342
0.738591071120072
0.5903776885668592
0.8029669052748896
0.39142479329915125
0.8079647622976983
0.910934589503507
0.8621064663049073
0.8618389210265937
0.7733846889098467
0.6865442282306826
0.7867079534329078
0.5668554748046448
0.7249811380208868
0.9476838555777812
0.6108920197748471
0.9526971199630171
0.6314997503137693
0.6523826267852295
0.8204575814271072
0.9402148090826478
0.4411607678010999
0.7588939159242231
0.8136300099047624
0.9445368290421342
0.7490686375766884
0.8139826962327985
0.9122739802287567
0.8859686111609316
0.566612526292263
0.7524380556088393
0.6873024978824969
0.8177529804070677
0.8952827674330225
0.7553425639452359
0.9443107271354232
0.8108746195788739
0.8461706936068335
0.7559084779729851
0.9011582650350914
0.7782292005714515
0.8234301202852294
0.9406371944480082
0.7567228990003518
0.9374644295319455
0.7036546415434186
0.9027595463552274
0.8321805777955623
0.8279146585414296
0.870611501091374
0.9665396513292623
0.676824873550149
0.3945264708766144
0.8159608117526108
0.9639437262772559
0.9276285902615253
0.7161600989472958
0.9108901111011788
0.8857576809796841
0.7720639485776293
0.9792528166741202
0.9727583523663231
0.1829211083437582
0.8412411986460715
0.9270906270353717
0.8672474569933408
0.9448518031703235
0.9264879604841771
0.9518125693768092
0.8129415389085037
0.976315051679671
0.9692008909727063
0.9193961205081065
0.9063060838298441
0.7491933293711217
0.5559918229721816
0.8227047008193916
0.7947757992496205
0.931074879857223
0.7449787522538985
0.8145918945870736
0.7589377319482218
0.5577993172187133
0.932441894940108
0.9036028363927655
0.9349474020561243
0.4401227511885166
0.5132283495557388
0.9496472935876655
0.9501022343991834
0.7680177515447388
0.9197276980741074
0.7173992400202331
0.8195597293849551
0.8026341616638851
0.865818352491251
0.420437121106612
0.7750673648419384
0.6730601880862058
0.7652194188631689
0.9616950529948158
0.9459406956494545
0.8107239761185111
0.9680513955199327
0.671927955386704
0.9274848421164432
0.890186853733883
0.8616676017569659
0.9776000420440323
0.617578931864232
0.59097986788008
0.9036277842803052
0.5497159445964616
0.9028947594610122
0.8903738104849808
0.9739116868117053
0.9785107390738239
0.9702780875024873
0.8850417684953906
0.8062793603254759
0.8310377481129481
0.9487380687231683
0.9355963303554161
0.35817876074453026
0.9164787752984259
0.8856145432936471
0.8452823243127463
0.9215922936332135
0.8981055950404974
0.9141093776080099
0.6784162457607519
0.8717123336499608
0.6875541013865634
0.9391389888507242
0.8661030888602561
0.485903646015575
0.8815272231139244
0.7031054514186146
0.9433516856899746
0.7904249346799838
0.3221097567439313
0.8879764979448649
0.8904751651116372
0.639973648361413
0.7741762871643588
0.8748733958116469
0.739385657834001
0.8285840816887571
0.7756721168475965
0.4517118584803703
0.6568717817630889
0.9199663897408377
0.649209743246383
0.8123709287222827
0.7751074133150982
0.7798418240024412
0.7377562885257654
0.9198428124988355
0.9757672687534142
0.9370684303611325
0.6801887904313411
0.9255413189085245
0.5717274083068844
0.8881071182269719
0.8972310622404159
0.7227171371952488
0.8597662026218145
0.8710687328328728
0.1974617111169905
0.9366792481361236
0.7454633306336812
0.9472821724776894
0.9609904181443116
0.841442101242831
0.8249687734515654
0.9694268087086905
0.8360323681178197
0.8851970806451215
0.9667441305888523
0.990060581867731
0.7830903116735669
0.8423010141966681
0.9523825475893527
0.9375037637036449
0.844012784668363
0.8785287922734784
0.7518633880943595
0.9524074341263802
0.8709064967435003
0.8979167286075849
0.9519526492445104
0.8384205633402315
0.9396097397200343
0.9340403983403698
0.8294742650071748
0.8076196098745677
0.7867735545699508
0.9532818957012273
0.9160347002278898
0.8033485714756201
0.916171788685594
0.8263560229862811
0.8526656694421203
0.8374114951795746
0.9110632492899424
0.7603824995128545
0.904438448461189
0.5024844525177796
0.7398851390496506
0.9066874946986794
0.9226406681988532
0.9121502601648426
0.8664806367436775
0.9031757411728258
0.900835464104455
0.458328429620127
0.8845821673921503
0.8316173690281798
0.7731555522033375
0.9254806179235164
0.8222142792841329
0.8920410436200676
0.1031415605358802
0.8619552078280796
0.9247296173039516
0.5775982457400461
0.45164619621052593
0.933514030287345
0.9109454881916529
0.8484395651297437
0.9117314888507992
0.9689303352538654
0.6817164345576983
0.812550353031888
0.868348437423643
0.8865376615844837
0.9686421701149597
0.8288647309464874
0.8983499109929972
0.4431948716952596
0.8221390021027632
0.887214972015465
0.9184701913261504
0.750583501724249
0.9180847782728908
0.9617391599665782
0.27225544647693045
0.9439832357967481
0.9065458551467727
0.7340914795010178
0.9377212526300317
0.724198031184105
0.7184497275243182
0.9235157188214935
0.877778508223456
0.8274085564090612
0.9432407275617735
0.8608626164786781
0.45335709516010936
0.7652024811406593
0.9100743542501746
0.861487894348643
0.9657969772359766
0.952035294349605
0.8979732428104513
0.3997436137200304
0.8792951642915888
0.6710283143020926
0.9278143200354327
0.5824143686596674
0.7209102416230385
0.9074521021973331
0.9152470744674717
0.945462034453103
0.9376785442189174
0.8492170387364113
0.8039059137253588
0.8406855052651792
0.8481014809206245
0.9190442038862152
0.863164986440152
0.4217024975133272
0.8804165225270737
0.7914415707066988
0.9153949040042848
0.6796056940355808
0.5547419707177833
0.6707906371222757
0.8104717149858719
0.9260981996371843
0.8445957839456935
0.8882734431979785
0.9096559493523046
0.9099007531235183
0.922615048731697
0.9203928357233825
0.5013751799310584
0.7540038957136281
0.7364253316829906
0.696252665638128
0.8945992577046696
0.3352936466908292
0.9131366362995645
0.9472479399617294
0.6169995303637967
0.6844906668886823
0.6763203267938351
0.8067597596899414
0.720483691913802
0.6634480984280393
0.8426685691010318
0.7955565592937869
0.6589824641476093
0.8704981323494376
0.07199524398341439
0.904739304700645
0.15116144922249486
0.8936468092526546
0.73142837941375
0.8883930899607411
0.9078477981440575
0.8787009032762361
0.8338590317855485
0.9394505305258293
0.8763789380512548
0.8559326862261691
0.7689674361793899
0.965452489724776
0.6145048932664862
0.752854095145916
0.7825406486059734
0.9036982111818325
0.9142401097628443
0.8733831336369887
0.825499251340942
0.9506802905321137
0.09192108111953168
0.851396504695691
0.9045018902190178
0.7044853214013517
0.6824941498622599
0.8451261749672614
0.21861635227074683
0.9085048462508576
0.927079951071309
0.9768700247889163
0.6337896482702894
0.9037692502909205
0.9169008979620066
0.7542676541185537
0.856408290878678
0.9359988050134561
0.8682112077189356
0.7618988485599842
0.6010227323963231
0.7562637028118614
0.5020568115297799
0.7213408725723152
0.5984278070094113
0.8842958682360593
0.8042809515669714
0.5721802134870488
0.9265933398222586
0.6572153960607187
0.6161346177462489
0.7210251134946826
0.8290690577392402
0.6246025174869297
0.9133123255192898
0.8899911178498547
0.7990426651395607
0.9423727990174667
0.45102365488101814
0.9224591989685594
0.9449734605785938
0.6402805772178055
0.884828973095914
0.8539214999820914
0.48895696369061903
0.732370283731186
0.9413072377989148
0.8268242261140238
0.7956704890558024
0.9095223503259647
0.7142746488099065
0.9535620069616312
0.7116535086885136
0.8224557042401215
0.7888778748964911
0.22060437003668565
0.7629566579399454
0.8865970351371147
0.9846390690529851
0.9154484496597255
0.8870124663233381
0.6998850671635146
0.9447819548249656
0.7662468200117449
0.7085392942530581
0.955197341245123
0.8521701142752167
0.9482802582320224
0.8133043822713797
0.8315766671271635
0.5975544473471346
0.7397557792698559
0.9490753438062057
0.8788400652280386
0.7943883265334664
0.602378911298558
0.896906071566552
0.9175265189799395
0.9166564188583428
0.9348402802631769
0.6569728009512625
0.8530957514189235
0.8036690588292936
0.262493489017083
0.7056635598205767
0.9639060707449678
0.6901305886607658
0.9207877926787645
0.9570932881580541
0.9389481599361708
0.9378303999615591
0.8528225196657446
0.9435247946851928
0.67862853794168
0.8623207246058479
0.8613294552568435
0.8098980705046316
0.9174125409882258
0.6996686698676631
0.9305745139737289
0.9662066722331837
0.4460765379593389
0.9540413927572551
0.7407714484306156
0.8391852109800761
0.8417922641387083
0.9235813385261631
0.9333228374787974
0.9147556974209782
0.9342856423234763
0.7826522042503842
0.8009457953988127
0.7517784753194493
0.8651122908161656
0.7273319577290043
0.8413171207115686
0.9510362340885105
0.950708204941967
0.958884213771196
0.7979528361858705
0.726810802678574
0.763384639984733
0.8660606880086634
0.4796552856535955
0.9175492870302464
0.8960525739697547
0.6342841201470781
0.8881873203268327
0.6656460199190151
0.7283649899575466
0.010241731867722481
0.9598133077748153
0.915130906392957
0.9136281885984174
0.7929056551161667
0.9286032233516617
0.8055737239165592
0.8425228795813433
0.8457839121042586
0.8311914704173687
0.8860742735128916
0.7877651339285435
0.8880060976078437
0.8473525786277517
0.8756082094409828
0.9552296326457452
0.8872963418108056
0.9429123792389777
0.8748025768809723
0.8680066190500093
0.7965533772787
0.8758537990194555
0.4406047768013359
0.783609924795846
0.9116229670006271
0.8984116248542606
0.807800329109891
0.9229654592114312
0.9443967270776303
0.9336425571396401
0.7081687187983807
0.85527494068456
0.9699478726525889
0.9761250543572019
0.6133625450900079
0.928858205729076
0.9397176869212697
0.07291415939008405
0.8332886026887234
0.9232670621699692
0.8229883402207818
0.664495812786398
0.9694944258961302
0.9419061516914389
0.8897195798400641
0.845476101291325
0.6281861334986012
0.7087520853846916
0.8521861802282031
0.6703114237045511
0.18046913634866846
0.7976595421887083
0.9637916089112952
0.9212298983525105
0.8052260050254987
0.968780521074196
0.9350886845283026
0.8181121276877739
0.8030941729371279
0.7440344345066285
0.8509727824647644
0.6172557494429223
0.7109082153072556
0.8826235894516524
0.9209710835392912
0.8201866979399466
0.7692573717277962
0.927043433879518
0.8943436736695226
0.9000373624701904
0.9091311825844586
0.5376739479445494
0.9220134006366715
0.9454145460577348
0.86804143704617
0.9037329338808667
0.8476848310317215
0.9794724906227543
0.8256788245724367
0.9736191486163244
0.9124807225609554
0.9459864783217529
0.8744447392125729
0.7970089764754433
0.8433632645885327
0.7468366735523212
0.8696810947043105
0.8689961521948486
0.9020934140946896
0.7512284780599339
0.6794513427928797
0.7088423933846493
0.9476213141724087
0.8588102986601235
0.7583472775236293
0.828527778719471
0.74980889968035
0.887939952350803
0.4929619016635173
0.5046906493756484
0.9034414620010833
0.7436663735791115
0.7825692660839538
0.901207957811521
0.41508907643158943
0.2289224576030714
0.8924144304818007
0.3475899834830247
0.905262350102344
0.8651634343143697
0.8472958259830112
0.8173458630423471
0.8053943186908427
0.7814644838001727
0.8109101697990146
0.6144587722502077
0.8066700338536951
0.9705498758688275
0.8095768174463475
0.9051208031150687
0.6647777641986385
0.6080728239707862
0.7658705656252011
0.959973571297012
0.7695003820551389
0.9001097946380101
0.7593711453908218
0.8775241103683298
0.9345005274873308
0.8488849117197358
0.9641636141671729
0.7023231797033006
0.8976758787727785
0.8185739689575807
0.6089589558512013
0.9390540611186895
0.8763322310628694
0.8206966457930345
0.5595649719002804
0.9430439323345631
0.45801826402654733
0.2491378151549607
0.5608581937338415
0.5343649038438999
0.7355842799853436
0.9255767542846722
0.08918969147374411
0.9202813452110183
0.8333993437114544
0.41054337180063893
0.3466633788606952
0.9147114212006987
0.6479074489991837
0.9368295677441507
0.6526092746782635
0.7707937628856154
0.950951188333612
0.7822333547845233
0.7839444569376731
0.9537419025571303
0.8623699122878289
0.6562396164253375
0.5171151467303172
0.9427761999795693
0.8525823841396172
0.8990034735498613
0.33808633002215627
0.9109621880931954
0.9618071098798221
0.9572062815458037
0.9318792709669868
0.43333395122485774
0.9423205482594935
0.9311808872153624
0.7555314942727549
0.5068879800002936
0.8367612169437978
0.9213606325059798
0.9269936744907509
0.8379807358364773
0.8778837155273522
0.8446519986236318
0.840961352301149
0.852230816216051
0.6625269698113088
0.6719703981353872
0.855002081580001
0.913839219694274
0.7324590193761349
0.7013759681641613
0.9201032617349609
0.9354356958485404
0.846916922369863
0.9129930990900675
0.6664673026998215
0.8583033725002482
0.8639969774391966
0.7696609786864193
0.8245067854081187
0.7718007388997822
0.7763523711262557
0.824224570651221
0.6830887178125997
0.8378861250920812
0.42110143928033483
0.9654787199222743
0.7770164955103205
0.9167633384621374
0.8078758305551268
0.8483826590296666
0.82361563473689
0.5773731165666541
0.9170962678372894
0.8758616876990385
0.880620838062884
0.8437242189919674
0.9377828172657438
0.9155460684854472
0.9177807719187595
0.8328873211411106
0.8596745849161402
0.671381136772624
0.6499697259915531
0.9280954129327688
0.949682182509185
0.8714845477788999
0.8561498146990693
0.7895462369951889
0.8910904813449397
0.8503013571772856
0.9308203749926172
0.7291398051587648
0.761955037178347
0.28237709675003175
0.961872413760477
0.7239792616910345
0.9761844509656965
0.7263722479043254
0.7055981675796336
0.9216872858079002
0.8329497622235325
0.848048543366858
0.8339233780647237
0.9304266033955906
0.5847042281650471
0.9331982942741603
0.93505926792418
0.9617179848001798
0.8515795287454109
0.6403436082500797
0.9019861261227954
0.8998944627565788
0.9556910463355619
0.6873519423364048
0.9450144595481602
0.9324900979383596
0.8419900585432085
0.8381924048111242
0.45928647780273923
0.8033988766841289
0.6418794560706382
0.4319855876747629
0.8393670173498234
0.8765326314161406
0.774852558025988
0.4470052143796225
0.9700637337249125
0.9624775910006994
0.8448364245762741
0.6978267594833041
0.7980771723957811
0.8900697782226986
0.7242920470000438
0.7847038052024564
0.5126253661629827
0.8891397002191237
0.8049797532203035
0.6618404072774844
0.6293664644168668
0.9641459890511854
0.847089879522969
0.9009351856327579
0.8450724925136233
0.8427305792795189
0.46437622952761104
0.9369306700606672
0.8939163086027533
0.9289496394494532
0.8583735438009338
0.8698830277946894
0.7901285388170781
0.9034701481520335
0.6855130652819167
0.8967678060389527
0.9169129004577529
0.9700991498779742
0.7945672611727247
0.766914627317574
0.9574270161409868
0.9483872893710268
0.891881515354238
0.9660682245098349
0.973046701124613
0.8822784373264315
0.8986621534373662
0.8160550024213717
0.6378376997063273
0.9185588578745429
0.956866636585672
0.9206847640817992
0.9455667149856865
0.9146848540963023
0.7212410047355944
0.9306385271085722
0.6697228953659609
0.9105018871432454
0.7595575281322924
0.7681514557119002
0.885478189237173
0.4224423689772073
0.8752973433525761
0.9361968370866246
0.6822932836239197
0.9394829550683287
0.8331734156695985
0.7176564132627925
0.7313972392937733
0.8918020933241537
0.9079459515890035
0.8795473643045286
0.8309775467524999
0.9742549000522565
0.777738878170633
0.6228106966446221
0.844964586454209
0.8942438101129663
0.9516390461529401
0.9139742128620113
0.48854537455877534
0.9144353051623328
0.7898065879977177
0.46575588842289495
0.6328150032388838
0.9535099797651563
0.9275206076827303
0.9174237446945623
0.5099957294672433
0.859716850155697
0.7967871842266026
0.927882381689318
0.538460744907304
0.9760366439404613
0.7296609738524137
0.9129203586607351
0.9211425277543805
0.8740492264885973
0.9357246178129213
0.8297535370582596
0.8927288652340554
0.947365392513439
0.977547730190663
0.47114160822409257
0.8386309977909413
0.8492996678823116
0.9434275537830981
0.8520712358411933
0.6851911929688768
0.9596722464301229
0.9419398985902412
0.9060387519727472
0.738354726047685
0.5360837973544279
0.32364829737497214
0.7911933546767208
0.7951837276237452
0.6936417778170851
0.8047657247277992
0.9014039913207125
0.9521180618675915
0.9407597022971023
0.8262283561490491
0.8762767721643838
0.5325371445294353
0.8636520382900482
0.779863082381995
0.6086945014895204
0.9193757851514807
0.8237884273341998
0.8552055987870066
0.8371568669772387
0.7026092187825572
0.8939865982366852
0.7157622624636619
0.9636749251235309
0.8138137220285568
0.8991400400419622
0.7930322464686576
0.9321479260541241
0.9416538887176888
0.8209923267881427
0.6375561515919779
0.9060752639980763
0.8801663370147579
0.5273125119659894
0.7297555830727367
0.773783313816311
0.8079246664667423
0.8665075186781334
0.8782470733373182
0.8859159274221229
0.8578213927191753
0.9457999716806511
0.009341112221452619
0.7796377245823614
0.906976442372583
0.7095488157523696
0.9361246856770913
0.8540217715776525
0.7122224551540464
0.811326404700674
0.7251426728225814
0.9210432394015915
0.8984001535880004
0.15995126448560604
0.8407898035306939
0.9337694626073711
0.7384645928148599
0.897014277240921
0.8426191629045844
0.9434698804063727
0.9649776853271468
0.8529827863015117
0.8385392696903974
0.8860454112412811
0.3744998468340448
0.6092828842446443
0.8373514443230474
0.6558798958802845
0.7859221313608273
0.7914527890348744
0.6236136349406414
0.839334073526804
0.8944875219193957
0.9248529915077681
0.8468245889929934
0.8791380816495841
0.8199059558588113
0.8142983324350023
0.9055568874989857
0.21435640083603547
0.7909423312311659
0.9083431794615904
0.9317188597473592
0.36996332530323583
0.9405999472229581
0.8570313516528871
0.8302505853456731
0.6485839461334837
0.5785271837047872
0.9346328821003399
0.6115524774851149
0.7439120468836125
0.7533278774608574
0.7818110772120686
0.6234637246263222
0.9150264028732085
0.7352767961884187
0.9330973899057254
0.8465592956025906
0.9262716083411704
0.8414881939449617
0.7509661736310537
0.9192919009323532
0.8724175182080146
0.8959864220991394
0.9285076825544838
0.9468612368411808
0.9100960704532159
0.8766336518874649
0.7643600483814582
0.9233187355565664
0.7948149007489276
0.9676102795531624
0.9410419778266221
0.8984989219912942
0.35989207030982795
0.8928779051614155
0.8835635825756993
0.828028064401798
0.6882723205252026
0.8232153354169192
0.8537060519644534
0.9291475987074145
0.8790171093447737
0.6459127756333655
0.8477532702559785
0.9294190045420591
0.9373076848716857
0.9403469992528642
0.8339644049078961
0.9600306568755879
0.8577215100645088
0.598411694707734
0.8960912218344688
0.8719289865105617
0.9168502241781116
0.9722975747394188
0.8584245113188196
0.9058824031190404
0.9663480674702871
0.25116814668150245
0.7340455783135362
0.7706412851720581
0.8968757522421663
0.8843981702410256
0.9628687851816218
0.7716000181093055
0.7997057898565767
0.9126688546499139
0.5411369327098374
0.8428049112634697
0.9745910254222108
0.3953984371564949
0.8797660269763288
0.9230572305240091
0.8689157149382736
0.7106240360057013
0.24993593984853235
0.9566210582621703
0.8365095856658624
0.9091940770740672
0.9167560000960948
0.9437682682019999
0.6075285606487241
0.7277686344485127
0.9056903049930238
0.8437008810161779
0.44788097583559283
0.7684819946708612
0.218001824695364
0.6015040130576315
0.9349950856256308
0.9732237967992425
0.8447681368933223
0.7463259031735949
0.8274308850402597
0.7197913467200829
0.9030220269131122
0.9378657722864631
0.9307335656460041
0.8836335680573285
0.8803882833214062
0.7679258929576386
0.8976609725970586
0.9710345097557306
0.8893423729519374
0.9314579430298692
0.9365982872291065
0.8090789348714318
0.8376082361972501
0.9474063211840791
0.630792002914168
0.9415206808160045
0.8861441768249684
0.8950496059089136
0.5568527231907694
0.9616020715251999
0.9064232740555288
0.7339454418667942
0.5077384781210728
0.9483530022362938
0.8799281084893462
0.9306842428054604
0.5311634861035467
0.5366672422661348
0.9407365050323525
0.9614303173373073
0.8071196455599181
0.9223135076858067
0.8908130154405897
0.47388214985009447
0.789905893463119
0.9447873861010697
0.9358249563877388
0.8988476210819982
0.17754431761245215
0.8559179573588354
0.7492885260224638
0.9337477112647458
0.8326625559715343
0.5169022925652731
0.3750873490175377
0.9246395059780849
0.9200815596203717
0.8143899837569405
0.9562100417488749
0.9112180658169391
0.9001425504089754
0.8715281493938773
0.8159313386736813
0.8253568680776564
0.9539942562783901
0.9263426117224601
0.5182481073158149
0.5473084728860143
0.8140193180705483
0.8177875574908381
0.7691440699761297
0.9330731873662373
0.9053533030995121
0.7072962673639721
0.8946069748500572
0.8168868402265247
0.956785482498407
0.9500302218519246
0.95978531660819
0.946820636589379
0.8764824503031167
0.7564015532763024
0.7620620281503129
0.8589980548106795
0.8262738039162898
0.9550610162153376
0.4982219190879392
0.985536069084767
0.4902310453840749
0.855369124145691
0.8219644314987848
0.9329663680856786
0.9053992095854778
0.6178654762381524
0.8886752983664469
0.7658106886961316
0.8153173108547982
0.9221129421946812
0.8605995656760803
0.9209432275160011
0.8028555500958817
0.8429783950393128
0.8456703003933577
0.808379831078088
0.7491060064695712
0.7854806575926028
0.9652308579647341
0.8302048773979883
0.8718135719072835
0.8387177873157401
0.5758335563280919
0.8874300248342213
0.7548615804728546
0.8262645685782973
0.7625250594338752
0.059454991374428
0.9401280732952327
0.8564822572814907
0.9460227306391066
0.9531417070035767
0.7628678272846994
0.6488487835258193
0.9311652468807619
0.8540127373525255
0.8301728831208122
0.8464325279589278
0.9045555009539571
0.6098970724221486
0.9532306325319455
0.828156392944857
0.971151171554251
0.918198140276689
0.9420351765721802
0.662312581816469
0.9016849234500192
0.9528431748570686
0.624963111740537
0.8051266714787799
0.3737448746416988
0.9300877529756892
0.48633534969107095
0.9013773314143242
0.4921456738218061
0.8906239504553803
0.7971796429663667
0.6449411763693074
0.9562576503912251
0.7481115149794118
0.914887290796936
0.6253050975609693
0.8902552498208498
0.9523067617644155
0.26524641706171626
0.8023474971402815
0.7984724019747327
0.9166447074061672
0.8694390901752119
0.863214950318316
0.9266814481081923
0.8856578604567773
0.8972113911264192
0.5151587150039441
0.9547788874488907
0.9460639508686187
0.6313778263017621
0.02084182537243684
0.8605169280945153
0.7968701628203156
0.6809701105958497
0.7842847335493013
0.7608764705219172
0.4917718373960569
0.9244056530023359
0.9197572315611674
0.8754770431302578
0.8607072396084023
0.8872421798440073
0.9321697740213196
0.9668400118727943
0.7729171890074125
0.8958878642643315
0.953954567697989
0.7726587962481704
0.8156162248279273
0.8233130210146107
0.6254181046233784
0.7288945602063286
0.7999871688988602
0.7672307923413743
0.8384078941509147
0.9244804802701356
0.8083292248298164
0.556518599208484
0.9072385899485705
0.7426742622078247
0.9162444215155445
0.9003463924638871
0.8796254670746521
0.8954236866928579
0.8810350162779713
0.8916495558209789
0.9653370244753573
0.7800884093841068
0.7282430544211821
0.8792009790108289
0.042495783719808444
0.7434886564173642
0.7907654793713677
0.8500384737193796
0.969737088517235
0.9462014552748297
0.6487306474198455
0.9669023589651805
0.9027061651335638
0.955869935458536
0.38132684658014115
0.6776246670237924
0.8783143580169889
0.9758386524674096
0.8778943943613544
0.918126973274221
0.8606848039982338
0.8734691500828383
0.8936251514692419
0.4808156965532884
0.8902944497945601
0.9080748675893344
0.8535605431792971
0.5156595252624199
0.7218313401172918
0.7109957391369559
0.8431275273053472
0.7978502599464967
0.9403908565386055
0.9552808456774181
0.8589333110959443
0.872455219402402
0.5707355994841093
0.5877346038915201
0.8718521473998504
0.9302393121207054
0.8353502003211821
0.812097125641119
0.8265649762436769
0.9066320328511676
0.9116545166546619
0.7287913954112517
0.9374164326037777
0.7390300146907705
0.7687421022044619
0.8196480801661999
0.7845076255233207
0.966610165668237
0.9030969931973156
0.8381700396422479
0.569513961215226
0.8221202378057608
0.6946353769953777
0.964258035290775
0.9516694201563501
0.8778493679862044
0.9658454197938758
0.8569405367637524
0.8625370477589156
0.6756842648879507
0.8362331329950115
0.5224699393795829
0.6671994369199379
0.7917140256613445
0.8535164377644568
0.9296910443531619
0.8353924404034281
0.9428378399494982
0.962650012949708
0.8841470293069879
0.9566731711013683
0.9628289428778044
0.9411896530606849
0.8669501971870621
0.7866336131346395
0.7653876481392771
0.9395082517567543
0.8548293191126177
0.9709526962130328
0.9031924214879528
0.8551980337974022
0.9007442287991324
0.5648336801758845
0.9569412846003589
0.7499678487981329
0.8938001470616991
0.8866063260579987
0.6684386489685028
0.8519992556851612
0.9772176626975949
0.8322394945846188
0.7613527564620444
0.849610110440624
0.7146166125382133
0.7911273694945057
0.8588639523137177
0.9335399134645594
0.941373304393311
0.8534786046457037
0.743056621193974
0.8340454637681716
0.9300706953024447
0.8336121774480433
0.9372452980683482
0.711103523687926
0.8154135948721362
0.6271596110189532
0.7633476164904494
0.7907641942842516
0.7376513314722999
0.8598769734019431
0.792362869312677
0.9592899936445192
0.8136952053458816
0.8943429733245654
0.7211223411818997
0.94482466898063
0.9372937830801085
0.9015443679280799
0.9025945423755428
0.8973168175755385
0.9670107306179885
0.9199427719007347
0.7844708027535359
0.8659596888561173
0.9175738048120654
0.9145549005289529
0.22109984330999644
0.9439782206831744
0.9694406940785867
0.8510781039793915
0.7413712297912427
0.9693343438412756
0.6068728990621051
0.7830270571013371
0.9401050014267205
0.7891089058993128
0.7833724001268402
0.9149507876406235
0.8827032249091986
0.7434032467467935
0.9243253650324996
0.9051381022485786
0.879727339389673
0.8458958182024819
0.9145953267620361
0.8651833695944124
0.8963421588510911
0.8735237833598986
0.9390987965415356
0.5936811206698724
0.9402874652501894
0.8836873718060321
0.9118200624276226
0.7810788688910395
0.8708149655436048
0.9269785249385004
0.9172799509698834
0.9790921690772425
0.8681535996878832
0.5531436268686934
0.7282723043868634
0.2244190950555609
0.9467415470944749
0.9083703788511762
0.9478956189537856
0.7240617550839011
0.9146612268006779
0.833578006804445
0.9685667570990991
0.957723475896498
0.8376779425548408
0.5852607892268085
0.9602349300926978
0.6040305069007181
0.9073044194186786
0.8174707561486746
0.8110552769993701
0.6149036604891512
0.8826829012416331
0.5365642519086141
0.9255858254793752
0.7258623684107703
0.682162097038103
0.6433624058591685
0.4998111174350285
0.8109233646072984
0.8760737542946765
0.9239830186470096
0.9458375620239181
0.7155648032056828
0.9262230928694335
0.8405335166906568
0.8589720649643315
0.9188959116479221
0.8911975662327821
0.9292395871502528
0.8956107801499776
0.8210648042807102
0.08780125804139405
0.8100779241575375
0.8882940790156747
0.9601378461906483
0.8422715162288702
0.17281884949574766
0.9649382218320537
0.643663874503069
0.9581366040713875
0.9522262738838342
0.935460899468574
0.6669100400869243
0.9233282466349534
0.9045384512830923
0.8486848824809133
0.5506651448399347
0.8800796878613331
0.7856853932031508
0.9027990521825963
0.8183885616172761
0.8182420620385811
0.7804950566557046
0.5404405397733558
0.9584138072835815
0.8738485800634486
0.9529413933420091
0.9098001286066071
0.9057535530598118
0.938157398521935
0.8849594031868245
0.7966851942141117
0.9491800431205352
0.7980145504992222
0.7834032821747604
0.34405570771926264
0.8568494052184896
0.9814753696670749
0.7404579155956129
0.8199282767151919
0.8746734023594488
0.7237436364996299
0.8304922580821693
0.27661646302488796
0.9229408286117069
0.9152778129685681
0.7649750844396805
0.9108103050475453
0.9358956970632056
0.9162207107490291
0.6582887877673644
0.7941130979827652
0.43279160477023026
0.876577223557641
0.5322657557656152
0.931336605651956
0.9523474876294016
0.48209412140477215
0.5373768043780998
0.9328664998852925
0.7427895581757613
0.8911309553073993
0.889606048051905
0.9576995880079653
0.8716209139383378
0.858173242744503
0.8687392235329937
0.80624593578235
0.8317196374296765
0.9133242440585482
0.9174521313012923
0.9061373478679648
0.6484930670557432
0.869769139239223
0.7978279498696114
0.3509616257036212
0.7558520065510144
0.8846424691032083
0.7935537626936557
0.8715130658239345
0.9040471971373966
0.5884267488538084
0.45220939618991063
0.7668336146859696
0.8052791968347703
0.9288654321137465
0.8739500951618074
0.744339859807421
0.888062071716996
0.8447322392200903
0.6974466690803927
0.9664227378278178
0.904669312891018
0.9793968054512195
0.30413109434242125
0.9599838043861675
0.8981859730206528
0.6849477160272675
0.6076778233119215
0.8947901513598113
0.897267237086324
0.9611106399369423
0.8957163303715495
0.7252664577303554
0.7339220598891121
0.8428761920940663
0.6665255737512474
0.9628980451990213
0.7336337127349343
0.864651694915865
0.9534760704100413
0.9097313151748462
0.8218095677435544
0.028577498369824816
0.9542340487062104
0.8701633723337293
0.81797714812771
0.9764288955805587
0.9105170689819032
0.5715216479216647
0.612762184524176
0.6788966218982913
0.9024923009871813
0.7003592643600429
0.8788670422153747
0.8768358540829819
0.7274458103765753
0.9404018183455309
0.7671641313209097
0.5375417189586493
0.7136442474322806
0.8957436428483991
0.8313192858427689
0.9436023193342606
0.822181715926427
0.7248393288904682
0.8977897798877346
0.8557931205220569
0.7442054619549165
0.7268798923028049
0.056568169153350834
0.6501000715955384
0.8284231310661491
0.7139726609464446
0.8482384983548759
0.8922391243092419
0.850168071564063
0.6537237514571785
0.737312578492137
0.8922070352518615
0.7418832102219315
0.9591525590510003
0.7628059665349135
0.8412054009910671
0.9156986207217214
0.89133489613861
0.7052830888653168
0.8636001527070908
0.9016474092253606
0.9403252006918056
0.8578563951003614
0.9129333246701955
0.9390853888530376
0.30404855620098037
0.7992714010097131
0.8507242406711853
0.7448360518188983
0.8743681866901208
0.9470696218152586
0.8081530149213673
0.7809272254007416
0.7381230693786675
0.9396482284876801
0.8595132850585399
0.837190836658051
0.6445114093880777
0.9427480282367902
0.9687002778118609
0.7989860865791203
0.604003716252562
0.9789146695589298
0.8720158730900023
0.9507558993004864
0.8996183780581544
0.8595268396155205
0.9267616867766555
0.6951309612677963
0.9598928744142524
0.8708238987990133
0.784025255650261
0.6218458978714214
0.8352062879044655
0.9106392921025318
0.770144113855846
0.9286423460749943
0.8912410529715505
0.5530171146571685
0.9210927534773794
0.8943902717432289
0.26415696919995724
0.9316871269320537
0.33191416623230374
0.7147296128770115
0.9573433487212596
0.28413782325432346
0.7886799725069245
0.6005958854180286
0.7446082812983906
0.9363563838965315
0.8133496885751588
0.9004381753863098
0.9183650306604546
0.7931261641450562
0.8832301345381668
0.8867320050101095
0.8273261330932917
0.9371275820057051
0.6632963407877672
0.6441072489501247
0.8042113346611532
0.9346617610026805
0.5081839680516407
0.8991071976199186
0.6319499866875782
0.5727735617668268
0.6649575254340905
0.6888278578241238
0.9080887877322324
0.784333775632285
0.680494057996928
0.47591559370074665
0.8434502812448783
0.8587297236586333
0.5585117386069894
0.7064945703068817
0.8187251581363103
0.22576645888573088
0.9744519569640344
0.919304323120146
0.936486408359054
0.8038276062178744
0.8696476041604616
0.9545787287425062
0.6919099786012997
0.833483522963966
0.8057505815976066
0.9476692610809655
0.9415030636667906
0.8540589686688655
0.9018660165717278
0.9743724571499165
0.8510948875173616
0.9176674914763475
0.9833722898995311
0.8933023798558825
0.8798045784740198
0.8194646660594799
0.5931022120796623
0.9097526898441084
0.8642007670243708
0.8246322852581982
0.87505443246703
0.733818895755382
0.7977955013224572
0.7221918764759014
0.6038357229723225
0.5503899571133256
0.8823193160719944
0.972836360710651
0.6974878120365512
0.803987855312325
0.9177201289950979
0.8402007909697017
0.8890377213236577
0.906395081678348
0.7625908160622235
0.7738508528903657
0.6701795166018214
0.9669311193978875
0.8349210751891883
0.9275808264378209
0.9067327274681806
0.8740691708112927
0.8887651514941957
0.8796157096363034
0.8151661027667878
0.9020584109303412
0.8910592067993106
0.8709828225651062
0.9466633732425405
0.9674549292185416
0.8723244580688767
0.7219365869393842
0.8593206764172008
0.8524994793830639
0.8219292469497178
0.6891389107537631
0.7411506228123209
0.9541652792040647
0.9276533295137119
0.9008143983071768
0.8598268373327799
0.9070060410078491
0.9001866443499139
0.9636437637746254
0.9725666808391265
0.9274205520049604
0.8565398985175263
0.9529851318579344
0.896974805859098
0.9159716688482279
0.8999913087459407
0.9242810340470882
0.988246352495201
0.9606039526791446
0.9224139954063614
0.2345731411942341
0.9308598482642401
0.7180941463837838
0.8700139229432055
0.9085580871182615
0.9248812741416002
0.9040052914903262
0.8756533100739106
0.5796994917566384
0.9578869289740156
0.9319380735185507
0.5605927282906327
0.9327054419678545
0.013519547706456803
0.8896550197515232
0.5602141473463068
0.8436120824984363
0.8193000152408968
0.9305953482986742
0.6989581261411801
0.9582215574797366
0.8975866239343604
0.9621997667823041
0.5450026562233464
0.9302987281921593
0.7969500616194989
0.7654461333082248
0.8811548126214914
0.8045670919239954
0.8060943014100821
0.7807353263093317
0.6482971917345186
0.8636841281102372
0.8007299045450966
0.9170181981735861
0.8011190924179614
0.901850718825062
0.8110403504861717
0.8554393499612464
0.550943650021031
0.8270079663222947
0.8145035856335032
0.9070606811215267
0.826588250066514
0.9161435769551294
0.9454276650785998
0.6059235300170897
0.8256669605101121
0.8889146652853444
0.9251602785330636
0.9499805561815797
0.8489754105428562
0.25183572137281895
0.8470341517686578
0.8868757876409722
0.8004364452709037
0.8721813544125643
0.8796879810983893
0.880747790775346
0.8251034651532436
0.7346774510386227
0.8720975869991121
0.360972895320666
0.9686738472101573
0.9637205718111732
0.8275186942025846
0.8153821937954531
0.8974898026882122
0.9573981050519248
0.9441567474729029
0.9380660530685738
0.8320116237582884
0.8405555983652925
0.9542205399474789
0.9901393632677395
0.6991649722646243
0.9422973757710249
0.8979315163130643
0.8925045028189407
0.6198413827505524
0.8050395483201511
0.8516455767371117
0.6522764909962453
0.7186934515591472
0.8571421588844436
0.8938850398048657
0.8708731074009035
0.8347969004516614
0.9632694681049594
0.8944208913444504
0.7993500340822915
0.6646999184199118
0.8787770008752683
0.9387798060152588
0.875026657874534
0.9449064864786691
0.9457387136290071
0.9582907922643968
0.8829815236741965
0.9568905976357325
0.7527269069569166
0.9659160680227046
0.33412688831902515
0.838945527300724
0.798922736330246
0.6383721536724744
0.8966183681563018
0.9748184093720399
0.968448354019171
0.7203761464809149
0.6970660270924662
0.8396857011767442
0.9823010906699365
0.8178369809674157
0.8790630651710547
0.7999440633004047
0.9082766491753429
0.9023204206207012
0.6818030028929511
0.956865165703499
0.9798628909134869
0.7015456340960236
0.8141738506731719
0.7095755476882578
0.8286319290911854
0.8698404075309643
0.9114568946597015
0.7778382424728818
0.7287141993671202
0.8988860277781602
0.9277327697478948
0.9349033861525776
0.7269943707124038
0.899032764604151
0.6698850337941498
0.9165208008972828
0.8312871555769407
0.8208567587166953
0.7852393241442217
0.6137760222628386
0.7253351474685749
0.7244278573557693
0.7370264829110511
0.861706350624299
0.8576445337038463
0.8955498766830828
0.9602944328482038
0.9417035400651599
0.8778155520480366
0.9287097517366865
0.9465986228398217
0.9098674321835076
0.9096638345728044
0.8956734378512698
0.6309581720285622
0.7982918970709938
0.975840526559327
0.9004772482096326
0.9483348983249951
0.8389087042645793
0.8787267740013527
0.9702146693904732
0.9269346198501085
0.9258200651632876
0.9487914162386092
0.7360251618204731
0.8792089843013704
0.8710060856805831
0.940872528756072
0.8015139713014866
0.8951349935706043
0.8389701018759703
0.9595994770773127
0.8137371703800679
0.674967676146146
0.9231408724590027
0.9631590614718406
0.8551094827195151
0.5336487257932996
0.12317016177677265
0.9006275648994997
0.5674569405495717
0.20480528902898487
0.8070616503890875
0.9464037701012847
0.5436113239584754
0.8782831952245065
0.46820202034796365
0.7069295317269472
0.8982219264042897
0.847512590472544
0.7469086050486802
0.8185042920633085
0.8220875354207225
0.8662429921130118
0.7726864507765416
0.857039216879159
0.8247915367586267
0.769581818258629
0.5965893307459673
0.9321972537330538
0.9171534050072179
0.9588280517848127
0.11765042415176352
0.865764772670137
0.42316864840204116
0.9179246875360693
0.937095098345518
0.9373587325388907
0.9178574628914076
0.8372868609751172
0.9870707024949019
0.7838225005990007
0.8813125479263353
0.9304677062009019
0.9199151119697945
0.8157436189337272
0.8362096980444065
0.6907550398889365
0.7383971637486909
0.7811406070100346
0.9716072992350488
0.8006178704481347
0.9217315704788306
0.29437159116336997
0.5088871492423769
0.13968198283409183
0.785361454800301
0.9041648464106811
0.9741939018788882
0.8726648867330291
0.8096488393434558
0.6808285077828327
0.8593084934627423
0.8462320074983193
0.8040766227101794
0.8875267066059733
0.5553093860808542
0.8646810930139621
0.8644656500873809
0.906364808715353
0.9703257316650092
0.7976074648202414
0.9166950171324859
0.8891293589922872
0.6598928597008411
0.9603961247913001
0.9614696957202193
0.9524633642827528
0.004984660189299439
0.025203985935861928
0.41342293678393505
0.7566113942469848
0.8611007789601434
0.9129782891735181
0.8331939525259068
0.7183051450513307
0.946880254330538
0.951221147299582
0.6708193269548877
0.6305385432005942
0.36406539886156264
0.9418324275158039
0.8628005982657374
0.982091938765982
0.9160948551247784
0.4067564272033367
0.8046233199435915
0.7179343855103174
0.5495065971935573
0.9456749398603742
0.886927042941571
0.7899556209106856
0.6582016471335523
0.862148898329066
0.531589977487322
0.865974973932008
0.8867157674542484
0.23515547760536126
0.8811883647720863
0.9805686063689267
0.6961291464380556
0.6241883797121823
0.896231505410275
0.6788006861087451
0.9541909947450706
0.9745975349934616
0.8278592568864285
0.8350143803524521
0.9299023848616589
0.8089499843748632
0.7129702653051344
0.8528340933005616
0.658394397717998
0.9559052581211871
0.7621817854608905
0.6726627593078034
0.7617808512155092
0.05244401653221464
0.9643088926773863
0.8540887742266465
0.03718529005146809
0.5249228214462075
0.9514814913710313
0.7876419174108374
0.7497447269881806
0.8276204197813734
0.8973413532645013
0.9312965317978185
0.8806670044162597
0.6922758743720103
0.9101293393192016
0.8116787897688512
0.9614048059562726
0.8729288954654921
0.5624541209979808
0.10124684061741429
0.9425391769314447
0.8507744201501228
0.956377564621501
0.9730001490439115
0.65023027764409
0.8497544769169744
0.5305707679887659
0.8303179716597021
0.9073742527201325
0.2330255187825233
0.9368517456356047
0.5539497293942041
0.6567917590042431
0.9526274550293142
0.5131121527517488
0.9015015693753992
0.9745369892083398
0.8998561925449744
0.8677692917645485
0.34844668790275035
0.9386593544582511
0.9089531577280086
0.8045448025944986
0.9307795072940733
0.8765408213527245
0.7724006121783429
0.9139915053511731
0.8681937443917425
0.9541445829803871
0.6405441893944003
0.850461897507077
0.9650544555064536
0.8599194463095146
0.8926767322523419
0.9319730581635292
0.8674827922680753
0.7557312098732629
0.8667181957236633
0.6208605207368147
0.9205480316015826
0.7301224169373082
0.07724675572056017
0.960663212935799
0.8727294316848948
0.1960688104510312
0.9489846395335545
0.18581236361652398
0.9648324765550138
0.7919804877304366
0.8614589610232782
0.6662861128916876
0.7779209192007035
0.9077586117239508
0.6536346681690741
0.9416426712504636
0.9110429357039129
0.7843723864231691
0.41756518864440995
0.9299911036611632
0.6602422650652762
0.798423900439296
0.5428428910165105
0.8713983102683295
0.9014124492778333
0.6792259166315093
0.7743879950693014
0.905792003465402
0.9658711778124306
0.9078838643249965
0.8962656343625957
0.8856379578183579
0.8496800411703529
0.7040514700272187
0.35053760230195985
0.9149686695184914
0.7526795320862736
0.8783587414322496
0.8188018037357901
0.6917687297730037
0.7299462674206502
0.9309784184864701
0.9250638562521332
0.8008777838791203
0.9677315356993909
0.9463767620273336
0.862413320380838
0.9589144477200998
0.8503963269537298
0.9585453238486983
0.5740414594183597
0.895344581458261
0.7304150172648249
0.4100187988143883
0.9510104849485737
0.5524739285663217
0.7280772030013074
0.8993413164598466
0.923498753918915
0.9108594556738437
0.9146920536519718
0.5491654132671788
0.8385153717785792
0.9242122019577661
0.8725498259967098
0.9256840169339352
0.7747078734087378
0.9326923734822025
0.9150564050916393
0.9093803408719221
0.9462321670044385
0.8383425822336814
0.856369520059728
0.8538274032115827
0.9710578848696462
0.8119902209014052
0.4686356867556907
0.10918438011786424
0.8203721363382199
0.5039953047559
0.8037161796088593
0.8472022160762401
0.7485778584502869
0.48287073879651243
0.9788558359476376
0.8925152777627253
0.9147954020968132
0.9218618485931757
0.7570478250700567
0.9544549996636583
0.8835012741195442
0.8576242422003455
0.7871108965885907
0.30997182407538926
0.8954466981002903
0.8943860843630294
0.9567516633143798
0.8889609129364062
0.8499547916600625
0.9452905449523891
0.7704191757889194
0.5962152548484625
0.797106022287539
0.8233760322330943
0.8758081324123949
0.9062503513255394
0.9586685435923318
0.8780830889011647
0.9460102790497626
0.7684141478190434
0.8299347060624925
0.8803185176186608
0.8937261548812755
0.8112154444830851
0.7977298057268329
0.83153166849523
0.867270165756886
0.9062644416408612
0.5870577616537622
0.8703712934189798
0.5063673777210231
0.9435429188868819
0.16108401057858912
0.9196193925051626
0.9506289643760437
0.5007746946242837
0.935488416438013
0.9187435283542812
0.9279209061680321
0.5789061204727985
0.6930648181962198
0.9370336092988553
0.9332957243919117
0.9096053215417007
0.9176760579760844
0.8759221460415332
0.9449339984046272
0.8833203292776616
0.5712230579540603
0.8835106800675152
0.8940533495685774
0.8746381392763617
0.8663183311307243
0.9248161846398597
0.9782822481556007
0.8615244258208231
0.809831840407686
0.8633404557407609
0.9583214634792345
0.48002109446659236
0.8516005007368217
0.9320385149509445
0.9190634315427485
0.662994359426412
0.6626604613653024
0.9624926406354211
0.8488968684518995
0.8941014478688236
0.7128166098532007
0.919883739014332
0.9419919467520453
0.9404816600459592
0.8846194706154181
0.7710843555305343
0.9041286004882882
0.8211420264192001
0.6301719858783454
0.7945012328714784
0.9740197887285242
0.9608468762619827
0.9115265418883419
0.7051416638935499
0.9310675736930222
0.8688476160789611
0.388545415823906
0.6897038737509186
0.698006267647522
0.8839330018376688
0.980665464606901
0.9116414282691878
0.7261998820848717
0.9531647854326957
0.9471162006713674
0.5812029209229377
0.7295438403235255
0.8205092307182975
0.8936034977771803
0.9434402050995827
0.8599565609612287
0.5253966810316693
0.9561243754221497
0.6481728464227998
0.9330352126125675
0.9145086185985507
0.8459453286885852
0.859084170752744
0.9639954153807024
0.8377315950811295
0.9630201998579048
0.8829193077374122
0.8363966846555482
0.6769539916845526
0.6833764947579642
0.944186770536886
0.8392993994657114
0.9001237236624878
0.9411337770325123
0.951535361417059
0.815691978140328
0.8866884415172007
0.9773997603143664
0.8693699367180635
0.8175543802259171
0.6942280226304071
0.9138189672029794
0.857504587687417
0.8961134900591782
0.9789687552539915
0.7206710150844389
0.8862423572931667
0.9475515515263399
0.7467105885144358
0.6670501962463761
0.8464494976751236
0.8847565130329889
0.8762812593479695
0.8614052761718665
0.7271314423495356
0.8123787266943853
0.8557588402838343
0.9328108490972855
0.7913036679170853
0.942869751582966
0.7776348674014663
0.9278710763723486
0.49858734199218324
0.8477065242363032
0.8310475500261395
0.8900954574261866
0.7370918614016579
0.8947793353500588
0.6290550000397199
0.9624111076740588
0.7783509699412032
0.780892750789724
0.6855882023170717
0.8286871569618494
0.911509413269778
0.7364876145498738
0.8703212643148645
0.9063305541826444
0.5864415822305106
0.5929688692154067
0.9389711676751423
0.5340883576997234
0.8890926195687097
0.9590368002827692
0.6510474487722346
0.6480955960948236
0.2872552744080159
0.9219141421086119
0.8074098409783461
0.9024815760145555
0.6461964828012181
0.9503076018512414
0.8557193177850126
0.8036024255136675
0.9602557889783907
0.8923176923141097
0.8794483875449899
0.8644245193817268
0.37264304938813186
0.8699362226569853
0.8383751853563634
0.9204399714670822
0.9651744704451342
0.7229054082769377
0.9213298622667974
0.9575585319830668
0.8190733286853455
0.8543504474282874
0.946139016558252
0.870242394539384
0.8974743409752649
0.9260680969564119
0.8038915723087794
0.8832718166976112
0.4674876788464013
0.8530183088384796
0.8374812039186638
0.8424649898764816
0.4428686037744076
0.7611312261781471
0.920871786128058
0.529549921257369
0.9672438112846271
0.849782466912655
0.8481258795025253
0.830369046443236
0.9398286572850998
0.31468815399075745
0.49466266489403443
0.9485542487286146
0.7035662749112236
0.8484587402473414
0.8468746537339427
0.8273787754894686
0.9354174420895891
0.946942453461961
0.8850570593427256
0.3780172354752178
0.9472636368725326
0.821613280979498
0.8254525989507291
0.9072113343346542
0.7288112589880711
0.816783272411314
0.9204155731317715
0.8808165214664191
0.8097681280983595
0.6575643611674038
0.9842738866954422
0.8896268865230982
0.611688833855315
0.9732419047669185
0.9013307618148239
0.9544734928293067
0.8362760686132824
0.9597504960464063
0.5219419557651737
0.8021431996547277
0.9721541281419247
0.6638828306783408
0.924223991532293
0.9445103090204838
0.9257578464516122
0.870692853484443
0.9082420660165267
0.6091414667438437
0.8278298038669981
0.6189613154935468
0.7946442821312222
0.6430905619514674
0.9832845034729174
0.8774035553621001
0.7566666682819925
0.878644475082416
0.9082099268435768
0.7018091567773997
0.8779935819031723
0.6858682937293721
0.8302313994713963
0.7540631605938403
0.9351872165613504
0.9427194567429805
0.2675748900099094
0.7601820907047492
0.8390347234341844
0.9784439022383383
0.8814624880597137
0.9393233058692023
0.9297996393471012
0.6362541165755582
0.6715010151553278
0.9668550154943536
0.765594397285368
0.9334753416633454
0.6264403511220511
0.9131925409351527
0.958013149966356
0.5485726090521073
0.7330078554274936
0.7154262639983416
0.8786161758694567
0.584101545549684
0.7152944636888332
0.8815886994732045
0.97120336390484
0.8960177964957651
0.7457811020201428
0.947930724903293
0.8337480210423248
0.7933306916148664
0.387350345810602
0.6740093114094834
0.8291569448487444
0.8741657726059501
0.8527824303668177
0.8289460683609033
0.818157299931389
0.936375413419487
0.7685591013661054
0.8316368390896293
0.818449744136815
0.867378107589241
0.9114644287663362
0.9738639741946328
0.8348480787714809
0.8358498385944956
0.8549101669286655
0.6552369149703792
0.7917403760924886
0.9854340877484388
0.8645567338637639
0.8337986792000449
0.9503728674608837
0.9617761685301347
0.7495819166447055
0.8063607177537822
0.9399965874813603
0.7699686052608213
0.9191527073526219
0.7584330819965353
0.6359644970453231
0.9092588557064722
0.7909777225711794
0.726491176765951
0.8417272573313896
0.42027106269577463
0.9271673378917893
0.7868050482632549
0.8806041677924392
0.6468040264617508
0.7974262780160724
0.8287915851037313
0.8833751430204944
0.7855212861133812
0.4573241526265961
0.853336957853642
0.9021731535336197
0.9023961839815469
0.9042797504587092
0.428989600848918
0.8587076690480935
0.5165562574073792
0.8339881986391147
0.9029970367570505
0.9197927331965224
0.9488168573670476
0.9446823364688118
0.9126838021770463
0.9443013408796619
0.6978976900159131
0.7346987559597911
0.9261079787232822
0.958777722208927
0.8974382487992774
0.8033228518313658
0.9755603188858942
0.7160519317504922
0.9587512996162075
0.9695647482378136
0.6965212625538608
0.4868624067842313
0.8982651093652761
0.8777275460531736
0.8788854110621298
0.662094756572847
0.5834143249155508
0.3787215259795581
0.8130106147011886
0.944363667315628
0.5933182605698007
0.7998243129089839
0.8234709490136742
0.7245424667403549
0.890167670990557
0.8567083135887603
0.9315007030982394
0.19262557193750196
0.9483187745301812
0.9450703484004207
0.8421976245123166
0.968124642578317
0.7311675560977082
0.8479564053673072
0.7921486700448362
0.7200342682826437
0.8770787015255713
0.9527802282768395
0.9137652211368771
0.7722356966186461
0.9403563927317009
0.5817968772273356
0.5617489961593534
0.6354059807317347
0.6601910922162769
0.913287501543855
0.6283355780186586
0.9383926994703792
0.6761687877699811
0.8621955014624594
0.843860654411396
0.7578526158366206
0.8909176294961628
0.9099383052642819
0.7929557894497019
0.9180693318232269
0.681971998314017
0.852242543427129
0.3691270902854952
0.4241155916825383
0.8182112360293996
0.7284484917504426
0.8462997256449304
0.7022073121417531
0.9683448768102013
0.6377311877247707
0.855966754797651
0.8798676494925989
0.7365613901208513
0.839732419893378
0.9641002668876438
0.9314200913403764
0.8694305287552309
0.3156648394087722
0.8091130859789595
0.7565522305528566
0.9120417720023785
0.8860260304747325
0.8923824307862219
0.9539112102145337
0.7255841502716156
0.6806293865150272
0.8274661323950162
0.4564606507028143
0.918686066720692
0.8618983792075658
0.9413317190919699
0.9094491796070694
0.7954588739581279
0.9257487353304337
0.9124981489353993
0.6731247670561369
0.9036429110105975
0.9383447514951183
0.9140170634992036
0.9079147396317409
0.8427806396032104
0.9512785381734743
0.39038385604724024
0.8465819539188536
0.9060209114404999
0.5043451166364359
0.9677518893053715
0.9621522709715618
0.9045166267482301
0.8523555115784915
0.9033180369173425
0.8544119726937551
0.5303428024224284
0.8909585939246513
0.9387988412007615
0.645135434080675
0.9778888366902705
0.30515030981070035
0.9708517316473507
0.9319180851078684
0.8903510387888489
0.9502204171240448
0.9786983962466442
0.930662438332452
0.8973759727578892
0.81175476484381
0.9130723528492125
0.5927705037863744
0.9064967053222047
0.8017966547380495
0.9252922884037094
0.9299509681650913
0.6828534111104398
0.9171328315565608
0.9310996903269662
0.9051770932827414
0.942445557645129
0.9003264213189496
0.8175219317240761
0.8627649894502764
0.9498742497228967
0.27998076011943795
0.8814846883183078
0.838725781866732
0.8357629223384907
0.7267247640168728
0.7665207835575781
0.786012375445917
0.6409046683850235
0.7528042214943265
0.9414592583004956
0.3890454950126577
0.9495178021522203
0.4926133879139547
0.7366216900332148
0.8991316354986114
0.6544271931576002
0.8824838115034794
0.9459250856443376
0.801661395221727
0.692474332297717
0.8825403207311652
0.6045345630884471
0.6721430784634135
0.6104732029064057
0.7910366389651213
0.5215965178018147
0.774001138004933
0.803260986693805
0.8158721685272341
0.9478722317132448
0.8166831918967765
0.829658893160675
0.6439127639908158
0.8171354689156932
0.8853808955987805
0.8772267628554871
0.44350707824481783
0.8387592673010924
0.844329741311616
0.82598004807888
0.7237077748611864
0.9243522788556704
0.7791263588624551
0.8622489097798876
0.8794898783629982
0.831818953334303
0.8905136631852633
0.8878345049266771
0.8915468323728326
0.8984696535577092
0.8738807394746355
0.9591224922652224
0.8865270016100356
0.7387837568106682
0.9332741671601759
0.8876949676376673
0.9159407685303851
0.9772889591699807
0.8407541558026415
0.7950816027646794
0.7920763492857957
0.9751654173916572
0.9288356648874269
0.8732081941835533
0.3488399876163064
0.6418162747035279
0.9532374025176912
0.9726458111393269
0.8311643453950369
0.8037588496350748
0.6394400037623799
0.7900268444146086
0.8454464290103434
0.4091959776828702
0.8846633656282769
0.7800318662734138
0.907433609480343
0.8503315453360714
0.693418285527646
0.9289925332359767
0.938495548659533
0.634140744696038
0.5766853065243016
0.6386929718531364
0.5175127808821265
0.7135366234939078
0.930116920379531
0.9530579170768942
0.9582483341401199
0.7505207086268582
0.9630515068942633
0.8938453648227628
0.8921298611726863
0.9213937496260564
0.937940524600087
0.9471339306712716
0.9142974885785085
0.7167408012396368
0.8843813135164718
0.9279799563720841
0.6169458997660175
0.8751597190482227
0.9283311119329216
0.8029975204099844
0.7562339759656909
0.9839707688128024
0.8747788767074484
0.8654314034764848
0.7267112368936786
0.3421002487863277
0.6687386610069126
0.8905452141039192
0.8753602925464175
0.8586519094928933
0.8893564152531571
0.9424512282796434
0.7029249201184994
0.9595095721778155
0.9595505728539916
0.7634854716740571
0.3889437439673674
0.8491697314550836
0.8103264770851651
0.902222101661493
0.3188576240557257
0.8308040625221611
0.39603311950918574
0.7937620108489429
0.8881899782017426
0.7931748056101351
0.6972892980290456
0.7435603625723646
0.8840687608968951
0.4045988129914305
0.93884651843162
0.7318772392809065
0.9220760947498298
0.8926424018982819
0.9071221870819902
0.9717602278844588
0.8384726772505031
0.8864510746178543
0.904098511287918
0.6179984267730774
0.9326283911349597
0.7341649756421178
0.9371557897000531
0.9215289836114504
0.7813672543337341
0.7995009447162407
0.7246726740712661
0.7534922519860859
0.8618105258279875
0.8242424292879075
0.881278722915345
0.86679731057662
0.9296576841931834
0.909574566098774
0.812031137586902
0.7217580823986693
0.8462537578609352
0.8711430376973764
0.9540306668372156
0.8331543312391126
0.9410143625659874
0.7423236174026426
0.9282441519017699
0.8445662101184715
0.9613128815480363
0.9426150731167392
0.677091800717067
0.7890564402614386
0.8783333701447854
0.9050455247126179
0.8838130004322302
0.9077075481794055
0.8568789978533845
0.9075522708459827
0.23426524826981554
0.8793770923070349
0.442169544110944
0.8745451033441022
0.8324057318817868
0.8847083682883545
0.872157255576775
0.8725213764345836
0.8118717984875001
0.7141201293896904
0.8361562315983617
0.937260788992845
0.9424949014277604
0.8642524617270785
0.9315336495874442
0.6530048895529073
0.9680291398116253
0.5945768844228192
0.946410727691242
0.9359106416596098
0.6793245962012125
0.947851213429699
0.8122262722760107
0.9551327634183667
0.8792533300783979
0.9170028310918299
0.30043231986482677
0.8720803989831073
0.8928509193038339
0.7752456068449068
0.880455356772484
0.551192389640716
0.8504994314455949
0.8351952026813869
0.9742254453303076
0.7481959004139438
0.8173210094613572
0.77258990607086
0.8921769783278299
0.7881018692405553
0.9317483421373083
0.721603709620475
0.6095864070105287
0.5319900224530789
0.8004786659736021
0.923962449128904
0.8945263176284065
0.9593948522768398
0.6063327783570233
0.8552467175174436
0.20101059901650087
0.9114236229712749
0.9413765401457628
0.8408264451527605
0.7034988733825965
0.8602750215533356
0.5856267366348302
0.9386317139711836
0.8219908689345191
0.8737964297525957
0.6736404856452078
0.6608787228161854
0.13062723879815896
0.7719121359019046
0.9023393428603759
0.8855823891110831
0.885774147980447
0.7679677603458543
0.38967508242235294
0.9128885209340297
0.9117941067910552
0.8484199356180144
0.863556521542773
0.5337417508830471
0.7612861224477062
0.9029791412661644
0.9509605348308795
0.5586834231307956
0.5848872627431645
0.8933543637076286
0.9763979679161006
0.2757719625540994
0.8920978992478601
0.8391011491596969
0.770520922063069
0.887737595577654
0.9071748270520881
0.8560358031259262
0.6903808443331708
0.8558949569219371
0.9307874280346153
0.8665707934652848
0.6265581959918772
0.9665821729512267
0.9077271355106179
0.7228435968171811
0.5746940896694315
0.8652297918027787
0.5387631080968307
0.9590956312408295
0.8343149991365691
0.9269112986551782
0.7905487415459657
0.9206973822778222
0.8349004244039586
0.7259632113231527
0.9225260130740539
0.9036641157383108
0.8775668008395435
0.7690647271704887
0.7343403957433337
0.7154567576852731
0.7666915505325697
0.623813734288416
0.9368879333954327
0.9715346050864395
0.9058208832502728
0.7572021933994199
0.8148425344185452
0.9557902942036166
0.84389997057704
0.8949879895741464
0.6555886541904741
0.8332992820217758
0.7676033148910546
0.6755181011025776
0.8852624312560404
0.6451867894260743
0.654315354589702
0.29266359181477153
0.8568922697005933
0.6434457976592102
0.7306783487385581
0.6401422380336776
0.9113351829843931
0.9431899199267662
0.9384113288468485
0.5754863867821822
0.432515851618843
0.8005327615379227
0.8246849773752316
0.6597307714143283
0.19862041980527345
0.8571611033660891
0.7302079209647634
0.8502002083309459
0.8738076279273409
0.8617862533721793
0.49613310439270597
0.8238348852852766
0.9647533067197036
0.831100008788421
0.9243865963300153
0.9158042243304878
0.6648547932179767
0.7469692257637583
0.8830404984013904
0.9686065348050499
0.9721398593710646
0.7445336592655103
0.9016611184618505
0.9391950159208076
0.7638164277769531
0.9507760215915322
0.28645414267203984
0.5009881987215499
0.9609095903922511
0.9320078858275063
0.5654768653026403
0.8653256257735469
0.9438618056172999
0.915464124497201
0.8789678709136126
0.8700746556347556
0.799894080974981
0.7638638301262172
0.7735926682167927
0.4184886911451222
0.9195833842289456
0.09734692393255517
0.8528804404982253
0.812886986869895
0.9701352379071553
0.7618361039807378
0.9291638606858944
0.5347072565194491
0.9205292886178343
0.9017847819497856
0.769767014273907
0.47251035926553897
0.9442418972523382
0.9041760543605519
0.6440736233305289
0.9008489345687357
0.16548468054152976
0.9423869675179158
0.73680883044996
0.8819403711921882
0.3911222977149089
0.8801364496067079
0.7704365996806518
0.28192446981703556
0.7398409982510922
0.9331070730587046
0.8478143308144944
0.971399836603179
0.8305532091905556
0.6643280347246929
0.14314629178778082
0.9292797389096936
0.9599579691306076
0.9115829910872922
0.9087188495636069
0.7938443768088859
0.9480603532711668
0.8238653110207362
0.822918661879199
0.6077854847896185
0.476538156495694
0.3393227316272145
0.8687031956777371
0.9059347292405923
0.8777384927663441
0.9195464355112639
0.8485352843416141
0.8776842027752761
0.9312125960261823
0.6087886932118218
0.7444704210991773
0.8600046321279295
0.7939294175007419
0.782488062951528
0.5243722131259194
0.94771019977234
0.6085061378218491
0.659572023035306
0.956555933499196
0.942289925339438
0.8012557088741915
0.7973641315551132
0.8303456934146849
0.8443937270900717
0.8486543560842925
0.7185603233326856
0.9059493097536404
0.8342260868921448
0.576514737917424
0.9325094416152617
0.8289926995342993
0.4617517975964265
0.8952730441888238
0.8135451836030164
0.8549483418432506
0.58005600726396
0.6667615417279212
0.9338870629583997
0.9128566251001319
0.6057021370515918
0.6155265831334303
0.6747106972153667
0.6862185802860901
0.8853640435165258
0.7019066093457743
0.8132546511451612
0.845823784383224
0.7460917436968622
0.8101541527975944
0.8997280564844118
0.9504469770799674
0.9648726446627574
0.8643557631466108
0.853122711724283
0.9056709726301552
0.6335487147168948
0.5996048627748847
0.9375783389404748
0.5994734192125675
0.9291093228649965
0.9685191176502498
0.649100753573167
0.8977670586977752
0.4749657068839115
0.9626442285423319
0.8987487955201598
0.9309315680980328
0.7463933140157297
0.23850373984790152
0.9376556667093946
0.7388401593088343
0.6118550224402048
0.8925673316481764
0.9393939841446974
0.8430260839993116
0.7559682075894238
0.8829055833494676
0.9117032396816049
0.7789896846965444
0.9052313722171245
0.5851734948782458
0.7405963240265381
0.5694021570698378
0.6226770030112636
0.5508644188148527
0.7851363916345192
0.8390252757317836
0.9781332809117294
0.7923795047441419
0.08494675606347646
0.9404629673662923
0.6287083737917913
0.8887844965856203
0.8706639494007038
0.779381181823896
0.8107063544601212
0.6541946818062774
0.7647549196662607
0.6345043784323932
0.9182175693592004
0.882423118774422
0.7902762906968738
0.826168534544736
0.9802296409231098
0.7949704976428998
0.8102500958646242
0.9385874990053379
0.7216540311431126
0.8298898804982229
0.9344688073072964
0.8234940026916967
0.76064684368613
0.9249966362430297
0.888581101260782
0.7994851624338447
0.7749905657911954
0.6911136949671381
0.9616785455146918
0.6853352833642031
0.8731454135601032
0.8691863554194534
0.8695656854056499
0.8320525664207732
0.8695944025628555
0.8266086152555978
0.9259113934145249
0.8471510821156693
0.9938151945801245
0.4714561271377231
0.9210604053635264
0.7168848124360194
0.8111875150807786
0.8041364525945456
0.8640607697767844
0.934351720290097
0.7367955709396699
0.7211981270641352
0.932539138847475
0.7926149243958625
0.8236470848106656
0.8620408097774621
0.72478326634302
0.8104268672978433
0.9026035698089431
0.8683139526470474
0.42534087737701043
0.9299449165429773
0.8067428442417763
0.41552767189537876
0.5901100439253111
0.8599606264026861
0.9103546088351978
0.8948855961642516
0.874205161116028
0.8678086709379799
0.888545710273507
0.9302633153256792
0.9528891709803479
0.8300116532276225
0.7708370664260498
0.7787641005919146
0.8978459479696603
0.5104108862453353
0.9146384912581367
0.4664985163825117
0.36666293574725073
0.898914862222006
0.9353035968914978
0.36566038875322626
0.8514357981233853
0.8319181550990067
0.5611466280085202
0.9173220876899302
0.9348038628035086
0.9047479830817202
0.7136641546587608
0.9753171671276678
0.8325121517768699
0.8617559784711402
0.6539319462009157
0.7653201276261361
0.9158663135923255
0.9681099062168101
0.9042899296206119
0.6150974105083675
0.6123202733071396
0.8592547398582693
0.9135913879623647
0.9442463510877261
0.8228972492444012
0.7354823243157638
0.9564577021071103
0.7254790098853332
0.8517056207390896
0.7507610262990028
0.9713572033649058
0.8223052598084878
0.9508076523498427
0.9105580556902392
0.7886472046669629
0.8059891548803008
0.7804324997747627
0.9291781172073029
0.8375246690765621
0.8567597576470523
0.3757943696297471
0.9052983082153532
0.635195913218381
0.9225148232499539
0.929644416051098
0.7004463478365623
0.8641537971705229
0.9573060008964864
0.9044701481322067
0.9209032815932505
0.789002565418503
0.8875694663148651
0.8971399057205837
0.8835404183365471
0.7958215035707827
0.8147071785955897
0.7476807707560928
0.9035530466596355
0.7198776231585717
0.835104727630033
0.8445195868973736
0.8159834510431532
0.8871469908359628
0.624806216734504
0.942171655963652
0.9071820399220923
0.28354857311386383
0.8825872268489331
0.8794155455666468
0.4488949086286903
0.9236734662096533
0.7792717638519616
0.3794428800204177
0.9488437157536754
0.92479387432883
0.9360439429228483
0.759276608590958
0.8752597527473643
0.7702625107165553
0.9263226398771216
0.21671165337581155
0.6710969223855441
0.9323510670872702
0.9524387957702108
0.8741396319607821
0.9233656598293143
0.9650242391451098
0.8057992845144246
0.9525371400325695
0.7408862161886326
0.17919928955656905
0.850680415709855
0.8294908918408626
0.8831082142049456
0.8115526386835487
0.8155168970868765
0.9362758372073313
0.9499559383097735
0.9579412830252803
0.7309588539454206
0.9153115380559553
0.8584371463347327
0.7464744972991613
0.8292472864604608
0.93100392866628
0.9481729243956031
0.600627014219238
0.6985342909153276
0.6472812839748401
0.9054612024649829
0.873682196713866
0.7450385391654053
0.9517342144544726
0.8578820582692142
0.7525004596642871
0.24287087789724326
0.5391566009917594
0.8498657073800138
0.7787975943369116
0.9134005152530369
0.7013186424308605
0.43120893082743894
0.7915755070839235
0.41643537412150966
0.8709353803806662
0.771317251407423
0.7501719225800075
0.7103298492278709
0.7714935698828559
0.7629383827196194
0.6675482578556489
0.865910324795925
0.8877590928402187
0.8604675338438528
0.9086576011155946
0.9213147269900048
0.7092142505680539
0.9102320159304389
0.8252081788173455
0.8356103099327613
0.9098960228814386
0.9160113501234213
0.9548031926891984
0.6205054753636337
0.9127368717321275
0.7585732584191061
0.9460980992244087
0.7521450214886528
0.8585179470821083
0.9444843337174235
0.7944673401979617
0.8298036611778881
0.8498241284128931
0.8097102844391995
0.8868712209408439
0.9584870481533081
0.9488856024353789
0.9241112044405122
0.9895282914076585
0.9571835868340506
0.9118573732272164
0.533335627518297
0.9510647000807466
0.8476493421318123
0.8937482940075507
0.9450928427055247
0.9745037331006987
0.9068649495157338
0.9128012695388895
0.7170538209060977
0.7331248463095387
0.8619210639735282
0.9400239191405755
0.6162126271027115
0.7379726829848989
0.5083898555129267
0.906606170262084
0.6241225577173878
0.2950537557648589
0.7068922623446146
0.5939544446871869
0.5959860643585818
0.9144661229543231
0.9425161116782848
0.47877698490746134
0.881722947980842
0.9565048443724105
0.8742647923871882
0.7542160287107085
0.8865766662101143
0.9369764969020111
0.7279623539465655
0.9777587714222856
0.8816078562418542
0.7786053524358985
0.8655855045463448
0.8433966516278755
0.8986930745060033
0.8425722241483986
0.9226510794383156
0.35261827336193563
0.9672792214394687
0.824349746867594
0.794902307040732
0.9156050351979438
0.83688812901192
0.6641877572989189
0.7247371561294832
0.5635723208742387
0.3834561042504566
0.8264271954212074
0.6871017885826873
0.8064347711705139
0.7478315995154021
0.9657191112498055
0.8224321744889836
0.8767120822308814
0.8418247138201564
0.9083609054175819
0.18459267849838168
0.6846084119538774
0.7535754136099738
0.7570984493522648
0.9014703432984342
0.8734079477777195
0.8544197601998136
0.9050103956488385
0.8535724990050247
0.7195934823863218
0.8180079327396823
0.8941748826484
0.8729805774654158
0.8861280911031268
0.7199993282527821
0.6518784760619516
0.5204176467983029
0.9551769338824884
0.12603736549652034
0.9351628100470039
0.8442032677928435
0.790411765922479
0.8152597495611434
0.7165201169342795
0.8654789214081691
0.7250456947203856
0.7889394388710085
0.9309633143227214
0.8820475550587646
0.9547180712049694
0.9804150046395312
0.7061329730051662
0.38672992065375
0.8511338521030971
0.8965465744057614
0.37200080329552543
0.7183973767154913
0.9126541031577726
0.4542730326995962
0.7592621555539754
0.8397718256231016
0.9599217741847146
0.9073915773561368
0.6800349528458094
0.6652900383457209
0.9506468101987525
0.9299061746742027
0.904952867799494
0.7883293998901322
0.9618299537579208
0.8439619569790531
0.9339417844968413
0.7991296189312154
0.8198114238074854
0.9265675823349392
0.9837785406149867
0.1442823343190477
0.8615586655685634
0.7718665256899404
0.7285901127722599
0.8950451247799701
0.6548062492105182
0.9067821530395379
0.9119259019588455
0.948131967075468
0.9075018126881012
0.9246181907087467
0.8649565314369725
0.7360828941341597
0.9717502138932524
0.7196228169198329
0.7333019992521526
0.8930255963988795
0.8834739486876895
0.9044245203566874
0.9605875524021396
0.9813802859986086
0.9670924517133047
0.8556655734753666
0.9123212786957777
0.982478641364993
0.1367634794886572
0.40608180169166463
0.7611878470987706
0.9030384141114162
0.9433238029053344
0.9256560154648182
0.6510936402579942
0.8637897267330854
0.9318148094423588
0.9089622650212762
0.7464546907892209
0.785861122542653
0.8976291746016211
0.935970731255793
0.8760628750058128
0.9577956459141547
0.572546495147424
0.9121810879231093
0.9085931634776967
0.7519286554311335
0.8953797922866275
0.9597155067623446
0.9226956120934754
0.851933801289793
0.815081827719381
0.6681534018011962
0.8377283473499899
0.796396544035515
0.704257495199839
0.9425640030264785
0.8151866853929894
0.9906412491122804
0.8744702439241054
0.8288983144540478
0.8749447941822903
0.5246199051819482
0.8379449118228739
0.6777228750973385
0.48592163683097866
0.8505186032565104
0.8906455751579053
0.824490180527643
0.8513048862126146
0.9308812347701029
0.9605552742043947
0.9419286152792694
0.8587602789599218
0.9191776762921873
0.8127660782892988
0.8424211814152306
0.7586592285597652
0.9470251145579819
0.6422367300901399
0.858228167133879
0.5955104894496132
0.9202380624668253
0.8955877317554146
0.7007579109114892
0.8980667357199137
0.6849149900579239
0.8419420523144071
0.8437393688944854
0.72320401193101
0.9415572013647417
0.9169632821421367
0.8328561974076163
0.6678753499144879
0.9139444156144774
0.9624285938929653
0.9559736438319257
0.959278472776344
0.8607757795777954
0.9482761316139021
0.9088992175527585
0.8432031994031537
0.9225660395264561
0.9780866641501774
0.8382880210234911
0.7372407297000455
0.8965128579236697
0.9290159426430704
0.8223590211891914
0.7572654792261218
0.8308541330032251
0.8971274845956879
0.9490582032530023
0.8324459230616771
0.9280140200577917
0.9796687123408226
0.7776584027484239
0.5032757859070418
0.9477187217436551
0.7309049886449949
0.332678660696775
0.9335767192920649
0.6833516677071143
0.40666925991243874
0.9813196094995744
0.9261847138709332
0.7831912213112955
0.438124532582856
0.857544026543473
0.8037693124529566
0.29858121572028373
0.7520482638077073
0.6153493054757437
0.7636601162554592
0.8135925848601774
0.6957033221308638
0.9160324716440111
0.14452611412422633
0.8121524277976372
0.7719904697643514
0.9025402794409924
0.8047950441187233
0.8686781386817475
0.7505764306636253
0.9791364345618614
0.7645666591173597
0.9103436390989346
0.9805258769320246
0.9566616297155974
0.9364427432719008
0.8300602013731723
0.9346918787832427
0.8686593713618809
0.847857854693853
0.4562427130281288
0.8624256148776928
0.9666711496102889
0.6533424127972081
0.7596988558665957
0.6915171670123124
0.8913937081820601
0.7053734151882787
0.9503316773418129
0.8356633879890073
0.9388900887718972
0.9675287532550597
0.9559391060766547
0.8736282850145117
0.8574032294215216
0.9493307804291005
0.8785614648067837
0.9205173690526118
0.7761662329931609
0.5686406502706501
0.9493518695797256
0.9353623177974264
0.8345505397636851
0.9546740579330698
0.7901368524420955
0.7276062088141791
0.9771679210900653
0.9584437280989088
0.4005194074635121
0.9757403158280172
0.9357749678749213
0.9689497865114945
0.9604171757530624
0.7817020894704151
0.9504121248514514
0.8108163409310182
0.8655463641461796
0.6878227346625232
0.9660308041530525
0.6810774201830802
0.9222271721450649
0.9606253147757448
0.9497495825334972
0.7201255149793102
0.9322045142646379
0.8553504211924763
0.523644984812823
0.8314169077090323
0.8131578303686658
0.9202875197306727
0.8200524430041451
0.9581818693615027
0.8208232966502724
0.8440554180168596
0.8609568951091406
0.9320769918045099
0.7856197684276036
0.9479513736640777
0.6909209676760353
0.6181641503530819
0.69325023943381
0.9712902331372747
0.9262022521756884
0.863424559769345
0.9119412410387796
0.44649116165551317
0.8142023594676813
0.824151371006513
0.7873719862071787
0.6758708298529789
0.9615141325613958
0.806201366449999
0.28020825027506546
0.8283354093715543
0.856326602813081
0.8149780072012667
0.4248006158949189
0.7988718457360828
0.7173340774670125
0.7701124925993508
0.4493867764074607
0.967312997164827
0.9689858279719576
0.9534651092444087
0.31723766584720403
0.9266274839446847
0.7915032459972791
0.6251474186421244
0.7504142414770444
0.5418822834481856
0.372859436006712
0.9353980736069365
0.7416485792825493
0.9028746753189427
0.92018634423756
0.7276851003068122
0.6910341131480344
0.697675036583083
0.6900176075761069
0.40745908402482833
0.9368040302870659
0.7657435161138736
0.9823727492648145
0.9809257863464678
0.8689666346311041
0.9862015192500035
0.924249060085699
0.883115316191285
0.9338197836119325
0.8929593233918705
0.8607455224723294
0.7395219447257249
0.9521551875475927
0.8983187857485535
0.8622717730628949
0.9698866626788847
0.9111002938797991
0.6001776588550694
0.9047851216743847
0.8603863450807664
0.9188256056662275
0.8520927096340651
0.6820196328289012
0.8510529576887931
0.9501854998988188
0.5188733937936668
0.9703657017091526
0.8747191770376772
0.9392969701453722
0.8073526872291693
0.7813774984588203
0.9718384369735558
0.888371060456762
0.9518949184707602
0.6257175984210699
0.7508154228615616
0.9347885184179058
0.9035333577534046
0.5528393731437657
0.568144461740347
0.899511676704316
0.9069590041019162
0.9229894968111811
0.8590228407086732
0.4802068374896272
0.7453895980797769
0.8455883232005571
0.7574982011731363
0.9665061173600753
0.9277708789485426
0.7851738095355739
0.8848305710722987
0.9034157956274111
0.8853192593407729
0.9932382274034337
0.9206640688031279
0.7953580405896976
0.9407235783217666
0.8820294897567977
0.9070885887714282
0.36422921206491576
0.8174098592975942
0.3669973998725211
0.9032668038875384
0.9238802993264612
0.9258467923758114
0.8715769894994726
0.8624555437554429
0.8519245762279049
0.6186485824757197
0.9056348274857213
0.9071036879053023
0.7861922109597237
0.7951295113445662
0.0445509642350137
0.26025111992196903
0.6958932301984952
0.7543798434611706
0.8443064262339957
0.8027898033368065
0.8479000011646396
0.8295426546285113
0.8069099441461065
0.7852214633849715
0.5110043772155779
0.8161819156734509
0.8646150201291465
0.934429414063504
0.9340080719359342
0.9538163012118488
0.9219812140060201
0.8652593431898606
0.5719312239748984
0.8716415017517036
0.3578328231733965
0.9287375623302955
0.8506457510054504
0.8071455311199462
0.9387235580812241
0.7401526381267747
0.9293163837117032
0.9725181258880247
0.8915631623204515
0.8862896223429442
0.9770058910557086
0.8434156800814515
0.9380130809876309
0.9495385071603174
0.7753898928542441
0.6295407896018923
0.8844454840328333
0.9485380879074146
0.866985491530325
0.30324242766774046
0.848610484136779
0.9153662155213749
0.636514445004303
0.7858300880222481
0.7077131649169264
0.8760064314157581
0.9691407480586047
0.9613317868848279
0.8678385215261456
0.9446606880678133
0.8675940433629665
0.947806613035072
0.8205760140242033
0.16746410622975305
0.8092154402048509
0.9465267877866549
0.8335438691399208
0.5855072160210426
0.8894752694974244
0.5141848572813061
0.7670812326990917
0.8291181838039761
0.9422024413304708
0.9864818739942053
0.9182856429472976
0.773722545956947
0.8834212885132307
0.4457590606366979
0.7855594718747326
0.8767998175947119
0.9583594883067005
0.7424179283313407
0.9363355586889484
0.9642058672409769
0.6773470191813304
0.9601968527053111
0.9742876051895809
0.9129563015449933
0.9526563927026818
0.9024141193112792
0.8226098587091837
0.47185381666117443
0.8024200970488786
0.9051581891258551
0.7939999709100816
0.9414664708685515
0.6036468497788372
0.7455973510601962
0.8093055724551407
0.43848746835246555
0.93575677869703
0.9812093999732461
0.6032637004740085
0.8192017801513672
0.8837920649637305
0.9385214271355569
0.7254270155996233
0.8484990414436955
0.8921203914980335
0.9224244404409936
0.6410481551531882
0.7644726565180071
0.6208188738880251
0.769698399397481
0.7745923942139089
0.8239294967102363
0.6751689288312506
0.7954760918283329
0.7790939912539707
0.6690995653013474
0.948104560065664
0.9061050846651052
0.9545004364688002
0.42424920618971784
0.7967613989068856
0.9087617098567586
0.9583354614571362
0.9107031528567822
0.8918443870689782
0.856299390026717
0.894663479828195
0.6396090787626987
0.8380200125914781
0.7480079668001105
0.9392687573288816
0.8690398587673768
0.6679585459240817
0.9675813876655169
0.8874087002840734
0.916576201202723
0.7075670930848127
0.8492611381718712
0.7608081498107349
0.8717774535236045
0.8990603095500865
0.9600890745342123
0.753786131782373
0.9462422299663419
0.8601680667340476
0.8981640144676643
0.9556533291947203
0.8392461462132014
0.46312794867237983
0.9072641154882155
0.8861983116577835
0.7294463797381667
0.8931569601553331
0.6528491358461701
0.7536111322164187
0.35495612880145855
0.5879485193663966
0.894626893373221
0.7762714443295701
0.8589086314725194
0.9398854949886438
0.9122355827595765
0.7641753887159592
0.9798749592348832
0.9609701835290049
0.875086709457051
0.899834220055915
0.7389312574334184
0.6579623861404233
0.9219288316236602
0.7577762325994618
0.8693204542179507
0.9283842062977503
0.9463095548122115
0.8797043369923596
0.7709098424842817
0.9175048344685428
0.3170192487863306
0.7428705817590415
0.9186270681399203
0.6666426564146611
0.9221662342140657
0.897099605609235
0.7395528231797774
0.597366111422676
0.8395172128602442
0.9873608470486506
0.8479980981475979
0.8258988050831284
0.8542577561112941
0.9353229476369431
0.9577833551783957
0.9291303496810167
0.8472462170815114
0.7682232604827611
0.9268663679502488
0.8469945783478677
0.7131816770796406
0.11067853568079722
0.9336090954867582
0.7006400202145827
0.8728122695601526
0.7953134935056723
0.8702919109995909
0.2596770971722616
0.5394470158865184
0.8697896506742496
0.9104433902156831
0.8345708100995464
0.9312791657169075
0.9263971747893386
0.8840426703250347
0.5792850139548973
0.8598528061793836
0.16912714727508138
0.849701913934477
0.8862201204091329
0.7452461151212235
0.9588073420738273
0.9006612905091693
0.5100861765222819
0.9118286310907029
0.8756861751578747
0.9220880304887038
0.8249359348224393
0.8744371038448586
0.8567925421520642
0.8824077725338229
0.6638114697674065
0.9162922653502802
0.9481446215193144
0.8703507640687442
0.8106203052497153
0.8638867300772922
0.9245784710229052
0.9132599143051212
0.8992212112823076
0.8933121230042786
0.9729580926234652
0.7862780939937892
0.7850734293322288
0.8871746890482298
0.47002615502674683
0.8319507088844161
0.10790226414461124
0.9462922501206341
0.8483169880185137
0.7041834302965726
0.7002662454327434
0.9306215638184143
0.9309249990085144
0.6869341821602906
0.8541805915912329
0.8579407189150929
0.7096850243031936
0.7486905314018337
0.8875879354954161
0.9793367574601901
0.8643295701651198
0.9259392869440993
0.7732468884878543
0.6565489270046103
0.9244326985439894
0.9298064998633788
0.8723767945209054
0.16200181687436577
0.9202949313136117
0.6982192292616127
0.8882406411953772
0.822973959302305
0.4659088475354737
0.5240072761330091
0.942001613683431
0.6070830497439548
0.8523256479714332
0.7959703218138409
0.9700059593819107
0.7676411343927481
0.8231748438235036
0.9817667340379881
0.7048667634884019
0.9435546353612125
0.8755289690933848
0.9256144939917257
0.8852293072163422
0.8849210878796353
0.9244262001623389
0.8712296890104527
0.9137777803165439
0.8296971951127963
0.0930735183832817
0.9273821513089111
0.9634149473027188
0.7594454376162606
0.5886746235640854
0.8583148544122372
0.9128666112489399
0.8891888965359495
0.9778108350707172
0.9484625408485241
0.6225350524151998
0.8912968501077414
0.8723395169023426
0.9068784733234238
0.8370032118452165
0.6612191372471669
0.6733266477812252
0.2746490079267927
0.892343720871996
0.9426411609654324
0.9155059170108771
0.688675843173018
0.7465374948642507
0.9004833456796836
0.9134323448309175
0.9868468748042263
0.9557353147627727
0.5939065428964547
0.12756802637294606
0.8542879023448299
0.8733539551505514
0.9217123788877845
0.6470473455713297
0.90391509531892
0.9252544751117006
0.9048923600215569
0.8899452044998887
0.5990086383355409
0.8620721053577538
0.9575130788921427
0.8034344913947271
0.8535941354068264
0.7639700304659753
0.44737707073941013
0.9690858971146015
0.9433982768800748
0.5809274682252045
0.7874732792748688
0.8939999760134213
0.6520973385141111
0.9042558726931438
0.5873229478070641
0.9339020619092095
0.7588698369717514
0.8547039749247323
0.9043593817995477
0.9808944383799336
0.9252117467418588
0.7483281978117113
0.9364125967938247
0.8539445596844779
0.9184521433257411
0.6222695993265106
0.8266468118582952
0.5747572989098977
0.48570076784377936
0.8897467855179109
0.9171994686001081
0.6711781282417377
0.6878670048095994
0.9248982059622829
0.9173669960785098
0.9207344866958082
0.9504973248485957
0.9731174856746098
0.8982892229067517
0.9343120571446989
0.6213724400617047
0.9100656694494735
0.8096930657148149
0.8819159653219908
0.8180566820863445
0.9692866283718573
0.9039826656152073
0.849408871465784
0.8467964925256004
0.7741237195169681
0.7694166911238673
0.8970647248094278
0.7910975725479596
0.9088647825808852
0.7392394292994905
0.9625195742390749
0.7537002549828331
0.9673925776074301
0.868409998075761
0.8344816467600966
0.8952260090059475
0.9445513771381636
0.7675371235112269
0.6268781718469569
0.7484126376051753
0.8753139245769042
0.6446500744438082
0.80304860004542
0.9037931665947484
0.6791081259099607
0.8908887546248324
0.8736990624494804
0.8710242166468827
0.7575392769983733
0.8582624259867744
0.8250559172896477
0.9125927490436803
0.9142017329906745
0.6131975145248314
0.9303804406157224
0.9633151925960708
0.8586166911125659
0.9559996189461814
0.7698795455760153
0.8494615827311982
0.9165287190048711
0.14653704939540524
0.8253722509964009
0.9359899346825145
0.8790417384764752
0.9026397368863781
0.9127641196507779
0.7781770842872363
0.958168389440514
0.5318266039416837
0.9134817392320105
0.9456614082102581
0.9066095237747532
0.9205850877911214
0.9154881094873645
0.6766106831830838
0.175322742116078
0.9033585600411361
0.7845274223064322
0.9148611824614062
0.9612408884689735
0.778104239389166
0.5698246811270858
0.9707538963207561
0.8960403601261361
0.8439740928136252
0.8816337488384047
0.9633469513048796
0.8135334063380146
0.9613745741884208
0.9059946111091302
0.7640481123498525
0.9428834174686289
0.9055364434590633
0.9779996894482621
0.8648605994186715
0.8025218800102865
0.7551601589194769
0.6019895317296633
0.11198280312840614
0.20744578614273268
0.2584730660667175
0.9418517591886801
0.9775094344261366
0.9473393881097405
0.4768056320054215
0.827256765037565
0.95572803890802
0.5071509375462486
0.7303466043403475
0.9561763940415583
0.688481719430511
0.9361007612812166
0.8595921215784867
0.9519885256646254
0.8946949554985298
0.31222102874710633
0.8217837717143862
0.9234304218030912
0.9474370258008048
0.9485705985388015
0.8808995026274301
0.8324396651653687
0.7208779495600461
0.9579844567780265
0.9723932518904136
0.8580063095802707
0.930422609145719
0.6228700975018783
0.863506384825081
0.8748353746150161
0.8126257046352078
0.6859139115772521
0.8504330857729119
0.8908794884786604
0.937813127677852
0.9237061314094298
0.787067962553453
0.9360178424359256
0.808038772333478
0.7556067184722236
0.9164123159971397
0.8942811757386692
0.7582868021246985
0.7422312940119148
0.9667018009733169
0.7896509795500006
0.8461478087020402
0.798059403209212
0.823765332302231
0.9562266528868575
0.8525338363422935
0.6286273373827083
0.8247127775057963
0.9545372326600128
0.8488489864446711
0.7996751948751413
0.7905718242144926
0.9049077271616396
0.7791936325505354
0.8934987955378383
0.8668261691480217
0.8863683669027033
0.47557124982416543
0.6060980270091599
0.659262695685735
0.8353238993586837
0.881681975238018
0.8592064429994664
0.4570617347104461
0.6049197854403958
0.699014806288775
0.7722185173179033
0.6933591708189457
0.8673210175753445
0.8388195860094954
0.98314819118868
0.7100578449580897
0.7585315312140838
0.9717174919676193
0.8294157853880819
0.8560772482523072
0.956399234453593
0.6797412151437818
0.9508858336136577
0.7687652937936373
0.33442293606145357
0.7623121252463945
0.8364837932868152
0.9438211524778812
0.30001224218727973
0.6435816941269806
0.8268350222821692
0.8820694367022792
0.8854136489286246
0.8823547767674838
0.9850645848091603
0.9433656208365835
0.7775755025750528
0.8751824937387949
0.8799616765220554
0.9451706948858791
0.8732934749139772
0.8732264239294634
0.8771475475963786
0.588297735516514
0.7590438330508174
0.9652839033156141
0.8940248023777391
0.9579147755659276
0.9111585692747417
0.8366446446973134
0.8763290128171063
0.7264657066780889
0.9356314741637117
0.8205947700807928
0.8791598450685847
0.6052183844072867
0.8964880747558135
0.5761930086020159
0.8676785475169345
0.5881040138942697
0.9408262906466541
0.8040801730186704
0.9148238089362689
0.7023685960840498
0.7214397956462626
0.7748932265835791
0.9697579206573098
0.822794921209204
0.8911697254031001
0.9216120462269488
0.8851064980117924
0.8672079031058356
0.9591368662582255
0.9652694604355628
0.7008854848461123
0.750260324970258
0.9620520875704381
0.9449566529757647
0.9196656079213386
0.9280498125683457
0.880230500364626
0.6947212086538193
0.924778348410963
0.8317602487802067
0.8212218779383691
0.14983641541760273
0.9183769051868269
0.5968917369976436
0.8313968359801621
0.8569913054583156
0.9704377483805976
0.8906852421469768
0.8334106016140306
0.7665851314574592
0.7379532732772331
0.8682783283667381
0.8454176444869677
0.47220217116463437
0.6296982095942177
0.9094739339696115
0.8435116934527175
0.9783236877198354
0.8285367604333622
0.9312578810914971
0.9438927428546022
0.4913974735398926
0.754793481436267
0.8411442288096372
0.9232922671344643
0.9295470993886428
0.9420919419694603
0.7736498849020774
0.6158640535252146
0.868096740498694
0.7305530779576156
0.9406162233629339
0.7571665113799471
0.6995534581461078
0.07557238173337788
0.9352459581567931
0.7349879705718588
0.9517995386866953
0.5570168028099874
0.9695234709651961
0.8893234308566081
0.7150323748814109
0.8439806607379532
0.29762462730351635
0.8655752160455398
0.7149648191882194
0.9368687965512118
0.9502495648023983
0.9399411856702775
0.9271900601512418
0.8055141963496859
0.9636035257690775
0.8917009587526872
0.6537866220229036
0.9225631485333472
0.9749700788859262
0.9122493633197186
0.9532627951239104
0.8305913799776731
0.6960832636272505
0.7592376463774019
0.9378018711659359
0.7460036838009849
0.9024541801688896
0.9739817235556126
0.8889780525805064
0.9055971464170451
0.8842490799390772
0.5279305425005523
0.8820048381240513
0.7671103119804954
0.7461937983317477
0.9237895937936462
0.9099461204504347
0.6952693241825569
0.839200911826971
0.40298499771935914
0.7753135045428768
0.5292360182021587
0.9780359000816367
0.8844899280208447
0.9612146966108657
0.9125345298759837
0.9725808573417872
0.7934472106548442
0.8901400965300793
0.9592193178746227
0.9630090905072678
0.8430878740881367
0.9301062272597754
0.9811707602875736
0.7446925940750826
0.9199911828056788
0.9487662351494702
0.9626110638187538
0.9355311154486516
0.8784953609360491
0.024329119889669903
0.16692318820035434
0.8812118090080392
0.9032234462848386
0.931143964330786
0.6029293978765711
0.8082094780034753
0.30902079869018995
0.6928871366856029
0.8958287414027439
0.8612908795560063
0.936777100293778
0.04644671745029394
0.7506696721381493
0.7657667693998668
0.7820798541845925
0.9012303334381231
0.8517597211210867
0.661644967554781
0.7520094994854483
0.9376025235548735
0.9390104692329087
0.8959756361821984
0.7187851769979011
0.7626896136398622
0.8153469168913823
0.9229064121902132
0.8774448655817645
0.6559735352816918
0.9580255881711663
0.7145633113107213
0.9635748117148227
0.8600767634296318
0.8420280890594409
0.8965615337819488
0.8085500239992169
0.8573030595713766
0.9251855848310854
0.5493555727584525
0.7203338035546825
0.9556585224392382
0.6384866403087559
0.9302233693672941
0.2883987846426921
0.9407953863909626
0.5906438421974007
0.8373360755767075
0.8898985829318135
0.8245740001857139
0.5509228338369299
0.7224093465099745
0.9619054893742489
0.9448826089151776
0.7773408574534582
0.950877630044718
0.9218727024450667
0.8109962726275737
0.7458475080586553
0.9629683797827406
0.9271919148235978
0.931038677457335
0.9352835839654846
0.7779482054491812
0.7874322640748835
0.8056418606016678
0.8851315083495146
0.8413971037010373
0.6743326105469175
0.8049216554193714
0.7334842658411876
0.8712756527608776
0.7419410684631542
0.7826920212643453
0.8735381972357986
0.9010896627522915
0.8733219872717526
0.8764383437978903
0.7062339720154469
0.8939242654557753
0.4647442262297997
0.8432701452847297
0.9416065044072688
0.9885620809272401
0.9429467126021238
0.8388537211208091
0.9358043083365131
0.929036887631414
0.9239054846419235
0.8550420308726179
0.756365425084494
0.8118881018002969
0.5401423048873764
0.8482766380641684
0.514602936513535
0.6614672824534289
0.8898558930643753
0.8693456779363355
0.959767856054461
0.8754131062779071
0.7163376955467572
0.7940698235623258
0.9247462029855715
0.7538611200527171
0.7631543558112103
0.7197496050739238
0.2853439210091736
0.8588263158410192
0.6272609248510328
0.8837157950489143
0.9588415126325628
0.7256921341277678
0.494464983507495
0.5483648229340137
0.711550347108078
0.8355428352849228
0.7082618129850732
0.6630416952208197
0.913548240525394
0.7688509463528204
0.8866745672999831
0.9410082637670198
0.7938637895337988
0.8845090220359565
0.8856965135568686
0.9571373462365871
0.9050350521256323
0.7403849161689208
0.8203190673615548
0.9203267366116648
0.5001206004372016
0.6541164572788225
0.9324585203537283
0.2054506473322394
0.8230645169847992
0.6756723460150803
0.9206399199949381
0.8199991258434634
0.6963511807083351
0.7120577235979408
0.9612775225021103
0.8890265110565225
0.8809564610817516
0.14233022567324238
0.9093602593860457
0.8785909136628295
0.7686853890990086
0.6752692273931039
0.2670561812477136
0.7808388250818372
0.9394291644955284
0.8457404323714895
0.7888111260164403
0.9043971352158774
0.25423831216039505
0.5030492537843532
0.9191704041399773
0.586895459476773
0.9697868660898438
0.8926592346189742
0.6920208399137933
0.9362271636509896
0.5964725466978511
0.577172309835157
0.9223411554219556
0.8044821353378051
0.5816796018401174
0.9386844718435241
0.39899081418471394
0.9065045597428578
0.37698813848623125
0.689289340026116
0.9635129076587555
0.8665358042966974
0.9785583767868217
0.8937086830217945
0.8580526781577105
0.8127228076282131
0.5993089879800533
0.9046097605069349
0.9537987728391297
0.9147742016001265
0.901259894403921
0.8457118649659022
0.7552102459173695
0.960362502089285
0.9498439887388516
0.9441283953953643
0.4180480067483925
0.7083470984695953
0.9594285903378441
0.7887656711921252
0.8997842010192112
0.9560810857482609
0.47725445028158164
0.9362241446379551
0.7612283304863791
0.7027791849842259
0.3431081810019979
0.8902169515995267
0.758072178736295
0.9505552998751983
0.9265346439769794
0.7605246204416912
0.50549541709235
0.8230483586105053
0.6596980922593659
0.772286566708273
0.9097174711636866
0.46961813791877793
0.8725072215875271
0.9453182065961991
0.7380273570551097
0.8180790550285475
0.7992539329021262
0.8770124099184097
0.9040131991597408
0.6903585760821862
0.825594461393329
0.8403559837517466
0.42792112399089166
0.8271416935870594
0.9365217758895417
0.9485946859145328
0.86592600614043
0.8485690181706612
0.7480634426959001
0.798557074989396
0.9596573430295345
0.4304667406339353
0.9491029734979288
0.9670159637316591
0.8318377397854487
0.7476718578906216
0.5283088345018159
0.636121657442404
0.846664570628739
0.9195285568500151
0.8964574188013829
0.79357875312282
0.9610056275312002
0.677548273749407
0.794528842056067
0.6067701983950472
0.4050854111783432
0.6202425430524383
0.6746448219847077
0.9604851626394302
0.8948688137678056
0.8803737450264807
0.8666812813594629
0.5907540149029598
0.5757158512350506
0.6955503464208581
0.8377896314873836
0.8404733736345583
0.7795316438115465
0.9406898636006018
0.8545987500779291
0.6389176904693374
0.9431769623400575
0.8787452756020963
0.8510035111946304
0.508622258566587
0.8651472750804774
0.949416120893874
0.8170832675127264
0.9656956668826259
0.7997755815734858
0.8757341203726072
0.384107497335473
0.910669846423861
0.6246797574051214
0.9055191216985972
0.9719454513787085
0.8691254086993645
0.9380518534188212
0.7292487608895066
0.8836558507704234
0.7869779780286723
0.866439446058635
0.8548706998816608
0.9254291595432138
0.8591287689018953
0.8556262957661174
0.7595048736833119
0.6307379775285141
0.5614594778585775
0.8772898552364571
0.03359880399884119
0.4897431166415953
0.6620174475393414
0.77809812523767
0.7057939758333602
0.8068070984923668
0.15292488847617147
0.9206069026322415
0.8811011041597927
0.8785717887760897
0.8888050667085622
0.8681121604333525
0.9178047078362329
0.8114781299338505
0.8414623995354504
0.6513048278311026
0.9792178692055167
0.8437869386806389
0.689839008630255
0.8712114346287766
0.9497953580903153
0.8784279580598127
0.8718974104041177
0.7108790074437981
0.8296263604994415
0.8925421581097862
0.9461769736423443
0.8201239729886501
0.644451479915331
0.9351308510453555
0.7674076240176597
0.961571202666687
0.7898482459021966
0.8131775068787832
0.7762278047402822
0.5463196637278032
0.48406018855519173
0.9176223784155086
0.7820420134691272
0.9915212939388881
0.984087661210182
0.7723735000229802
0.8813992321313113
0.9733590458621935
0.24657725154157706
0.7865123276059098
0.7872113477574838
0.9198542437003471
0.816558383777965
0.8014553307716796
0.943689474805237
0.5703435829900492
0.8828834476721263
0.7529591320814528
0.9080116774561309
0.9829650361442613
0.9390336770826896
0.8899533699484686
0.9080468401693904
0.9170458999505576
0.9259797358326575
0.9232365286216581
0.951765734521273
0.6357345655919947
0.2535031096375926
0.7947354888749029
0.880273346770654
0.8764314495664822
0.9040690325636594
0.949143920327764
0.8711614626035881
0.9522748731483066
0.8065796407519381
0.8845697163452659
0.689227768668497
0.3852888550231629
0.8089157777563839
0.9268138921057918
0.24550152175815765
0.7406953439247028
0.9018967815211557
0.8147267161678468
0.9411152731455382
0.799732340442685
0.9598420938204597
0.8013495606058201
0.36334530909135365
0.7780524327922836
0.9297519476108695
0.8889350987686685
0.6611936717206433
0.479301336631345
0.9536583283523706
0.7742302299391799
0.7632822841795036
0.7613893677822633
0.7678344476811064
0.7402632587441809
0.8738571689797552
0.9887599573743444
0.9143183970739012
0.975435912690696
0.7556426261331659
0.9421578989991531
0.1719757213414429
0.901937995497047
0.4505954762551547
0.8236872248192331
0.9450717827464167
0.38467171542434997
0.943066116532672
0.9201048678502058
0.9719954905110886
0.8237308059913117
0.8605563907544518
0.9546098578654993
0.8769558776681723
0.9086355828583337
0.9117598021828324
0.9372080605090222
0.9563349133086887
0.8228455014869112
0.8601215669319765
0.8378298236002386
0.9527235151101423
0.8672874492673834
0.9214271948158728
0.600882116658533
0.9178860690055987
0.8684889602006559
0.6289054831618011
0.9101787213783447
0.9585814065717995
0.9075202660174466
0.4700986077688917
0.8746917579508413
0.619951570157965
0.3883078865842349
0.8794012878220437
0.735637210399094
0.8611839073205714
0.836711247427843
0.5470258053180288
0.790838335662343
0.9223331248041273
0.8988699544551526
0.8346615789985631
0.6423841016134458
0.9307060074579889
0.5842940128167324
0.9149266878836041
0.8415293105900161
0.925170429529097
0.9030621228301888
0.785782471327372
0.9730666532798968
0.688244465483431
0.8726398393695729
0.2961020639081988
0.5897613936989614
0.9356360967422197
0.9853815564647402
0.9543129746566001
0.7930696611753723
0.8007037948388761
0.8337716619941671
0.873577815246424
0.8696739467672461
0.9273020098992262
0.9062070059268514
0.9578225879956647
0.9400380045078296
0.8584725501784893
0.7105064633502659
0.9006475466813778
0.7672874863133788
0.8944674083895294
0.6927874495037425
0.6786953783028545
0.9490057612391685
0.8000709446445302
0.8250156851261319
0.775901088917005
0.4692299973084533
0.8963146816868545
0.8154538095653148
0.531214616599733
0.9410660212223417
0.5397663583397916
0.7029946849058779
0.7523394613314223
0.49378405418271576
0.827901998346505
0.7875209667554194
0.8482282537249168
0.6879491268770896
0.9364681087318704
0.9132108938232024
0.8164586292815749
0.8209334016660358
0.953860145922443
0.5986389048176592
0.9226840782823553
0.8898082089201926
0.9252376227295271
0.8527156681523758
0.9651003804775372
0.9699721704227326
0.9662988914752234
0.9385708259565531
0.7453510474049889
0.8427104810799337
0.9469676329105017
0.862912061374437
0.8870916199040941
0.655534467417018
0.23739340521630636
0.7730402784359125
0.9110202247504076
0.905321880097
0.6621867921605944
0.8749020948401729
0.912123280394831
0.8469364231835586
0.6515321345712297
0.8633333515960675
0.8914444149933936
0.9385404112655265
0.9724891542189983
0.9112674098771174
0.6358290227913461
0.5581467711277859
0.8053970487046321
0.8150346021913344
0.7472460368870354
0.8176264676987952
0.9383154729259043
0.7298427380681729
0.8554893134576687
0.7972330341962922
0.7348145767035505
0.8914298347960713
0.3228078881193245
0.9134095025239324
0.8905789090950111
0.9704975898092032
0.88053489580062
0.923215590708214
0.7138844332015726
0.5426065767765555
0.8282083379750054
0.9214811103447533
0.8210962323628523
0.7616237775075894
0.886764230224086
0.789196170948091
0.9607157126261568
0.8277058738492581
0.6016691100154177
0.7878879815548716
0.9049783932545894
0.9392171266502488
0.9185983588587557
0.852579047123768
0.8888880831465791
0.9691801407729367
0.9431309687912826
0.7202547308266574
0.7513675391573995
0.8472364007153608
0.9643661752875173
0.8542055795292611
0.9516649988503108
0.7235573445058875
0.8649025779210164
0.9429991804512663
0.8728447477385
0.9467140126987011
0.8239391225248331
0.8949241709644418
0.8513333706869869
0.28901639846919935
0.6937469752452204
0.8667726615163613
0.6895647154287544
0.8701869410248463
0.8995879380586635
0.83977544531438
0.6968658143491556
0.7554445640321611
0.8676552952829024
0.9399063709215764
0.8707612077769893
0.7765550917666533
0.6406077309853289
0.8986010743372742
0.8660215731883276
0.8593892849715645
0.7765098472890638
0.9402730913631123
0.8710466443994516
0.9549073022160692
0.928189990437758
0.5912204535896395
0.9157392792674217
0.9007018637171491
0.9117745453380958
0.9007200693668738
0.7099388641671186
0.9726770973826964
0.9186226688456007
0.9411478706667352
0.9076208169759814
0.775984829088416
0.889255232616043
0.9533847724797374
0.7645360479243121
0.8341455226924607
0.7526154981658222
0.7147911003263804
0.9202115939998236
0.9261477716673164
0.8381313570050528
0.9475795745918747
0.8128650342141074
0.9384679867025099
0.9158397524840334
0.9455790555917983
0.816261677626765
0.9644041223162214
0.5352133897981026
0.69477482913136
0.8313412814443462
0.886800472742231
0.9168095077151062
0.7598771369178996
0.8657206430840646
0.8543580391385244
0.9911327088868861
0.9385573320261927
0.8425091741174083
0.8822563970352313
0.7682674204323835
0.8292986943445386
0.7774427699784261
0.5690353798803687
0.9387720167095114
0.9509133970486042
0.8025233564838126
0.8908447007647918
0.8081651632444973
0.8761782117033429
0.9136705416193384
0.6842388519071319
0.9570466512708051
0.9393603231991509
0.7503670323368894
0.7990096055617697
0.7573368928685341
0.7308589164171171
0.860250913684115
0.9496071844346488
0.9202708099395707
0.9412370030659024
0.9734475282699875
0.8452612550278651
0.9553822664169385
0.6107045038007828
0.9678930536557586
0.9014318665196484
0.9234126783385845
0.8673415487697742
0.7164197579766018
0.8941875406243711
0.9548605172715654
0.9577683299510638
0.9510344824974017
0.9555853040666814
0.9224669442906511
0.8445321778707786
0.7281727014716168
0.9486562932117546
0.948804528399045
0.9464623065731333
0.9395430161512789
0.9189194228823037
0.9209635915668616
0.9251110473001624
0.9204648248874018
0.9265203268342972
0.8112610948566192
0.8935483685315935
0.9533356946840791
0.7528883419087824
0.18868638945947025
0.7321446608695019
0.9749379063841505
0.9765784769420416
0.8691658656838765
0.9341474674165309
0.908390584248814
0.8177341854279494
0.8363194574595503
0.22234004760243797
0.8065522520108555
0.8581463386318648
0.7734627316886975
0.8619772522767325
0.9434911586658705
0.8551408976272841
0.9514512324688842
0.7159023736814049
0.813474022340773
0.8880329893361236
0.8744041957078968
0.6280692379892341
0.848146278762109
0.25557221210165837
0.5482073037679963
0.8343369526826534
0.6495377269234641
0.06721672091711595
0.9513978205554682
0.8762241686172199
0.8366130933177987
0.623898214560196
0.6994677633911341
0.7919421904699562
0.9774102256577276
0.9135070465887304
0.8120652339159014
0.7891916410799824
0.7344291991736602
0.8824679982126824
0.8441297412065033
0.9070048544171804
0.37624395572475167
0.938088837154156
0.9536331560093606
0.9471690288016743
0.8923949765108069
0.7921987520000693
0.7327724604730583
0.9704733347268761
0.6508507454449213
0.8924461968916685
0.9293254383808598
0.9294458714910576
0.9123623946950489
0.040972946328884485
0.9141686055442673
0.711176694240366
0.7470472025166993
0.8873695246388628
0.9239381997478824
0.8233539375504284
0.889869059537904
0.9695917640180036
0.8215562976451538
0.8454026253033382
0.7690239944379079
0.6269553769537459
0.8186594124018314
0.951176940813894
0.9170696993606278
0.5467697137282148
0.9484510616768397
0.888867706203543
0.7085032432899461
0.8837428112005218
0.9094008552092444
0.7834506013481541
0.7865610474498449
0.9408061484620918
0.7126346793202643
0.8804835074943358
0.43166309675944614
0.8217371098583863
0.8884790440559466
0.19034671330889652
0.8970376615511223
0.8705701738024534
0.8417064114397792
0.6230023579802979
0.8534252127062426
0.9081660679478846
0.9007823212603695
0.6867353671742298
0.8281193976911012
0.7784477711900162
0.8149400927284873
0.3552440631923244
0.9786295085610093
0.717255044645315
0.9005087542798023
0.796854653887495
0.9683137446497989
0.31048567036796815
0.4853558654748513
0.9405772619642481
0.9333384208002108
0.6120220464402688
0.9182489106114288
0.7818910893135899
0.9555240619624877
0.9595833164088337
0.6683352523084851
0.9451968778401986
0.9404381805297964
0.556475215200209
0.9576864367814838
0.6398847093467599
0.816847270846311
0.8400820182628761
0.9636380324694265
0.6781993943785385
0.9069360416111635
0.9801240264474281
0.9660825996445079
0.9293635508360847
0.8946813803562099
0.9698717271140391
0.6046947048692526
0.9706034750988105
0.7055075354739344
0.7828402846327202
0.8874788169728733
0.7667665523757321
0.7374919129228354
0.8904345572822994
0.9112960222456866
0.7960216484864624
0.9264543452229522
0.9294867414352826
0.8727513757222415
0.27067306977128025
0.7285237528359587
0.9561590067499205
0.8808915027390034
0.9022783349951486
0.8775352537041894
0.7948494931571433
0.8957912852601114
0.4893750519269945
0.9352319745391926
0.9503805303537538
0.9465545628052198
0.7684385931393317
0.9553263719904995
0.8938540009258642
0.9492807700169991
0.9473918869173401
0.49544233677722505
0.7577419926016282
0.9341113778209852
0.8182878719354798
0.9048735552203385
0.27799112870498444
0.8230992370744548
0.9687793025634126
0.7479258806155182
0.8876666329942237
0.76442923466546
0.8616782326938223
0.9149961300258612
0.9430157231369837
0.876818983277518
0.8781796040722414
0.949156969288028
0.8814273181548
0.9770889319536586
0.5231333641152286
0.8832091004015397
0.9289046403445442
0.8666217824432425
0.9090964712342514
0.7919288794449061
0.7848023583600032
0.9399724831552373
0.9466788319530409
0.7837174069722812
0.8642853607729681
0.8883196650958644
0.9499940684657653
0.9347600558806624
0.9134582326965891
0.89304503802545
0.819378851678379
0.9418135935698303
0.7307538362266806
0.8044736825899107
0.9428005131813784
0.8398910065502272
0.6838419024469102
0.4940193789866256
0.7864298879930008
0.9200601270429215
0.8634771902993508
0.946585664494938
0.9732852681580422
0.928203171495203
0.9194349543734874
0.9768268590380379
0.6550094544033644
0.9017109418533451
0.9175938987130547
0.4740964881602141
0.9245671173925412
0.8647661066094884
0.9387391830114246
0.7603193718127284
0.7475317373038215
0.9354999764127547
0.8280634437023882
0.8949543366418482
0.8058791587195151
0.9285807177468137
0.9637803383556269
0.8305102552414287
0.9589853204774392
0.764266950543258
0.8169740375402412
0.8866353789872568
0.8677949137250703
0.7771910485292327
0.8662681840887728
0.8282853767522387
0.8762303845644834
0.7861187973410716
0.6506701867549671
0.8806922316267431
0.8922902110289948
0.9156208948842351
0.9063759411532698
0.8434763740523787
0.940545483445642
0.9218373100820602
0.2612646858845358
0.85008700399311
0.8919956850231955
0.977685805733599
0.9102929749706972
0.8910461386875074
0.747749952687289
0.9009753471956815
0.9234706028013941
0.9046931280405037
0.9011185787869687
0.8304209556104658
0.9497691647918098
0.14869253713738428
0.7659673430618307
0.8618571244244189
0.770661223859645
0.8706318852633547
0.6266591866949043
0.9653908958155005
0.8202232400018031
0.579498694703672
0.881524738741295
0.3388926244857774
0.9347429874930175
0.6815712531385851
0.12227670458563367
0.7561024681683274
0.8327180592657271
0.9676365084650567
0.5121726334953651
0.9014751106153684
0.9271281605916265
0.9137168598386995
0.7821545280352707
0.8822229392695329
0.9759090857030149
0.8012212390491107
0.9529589986010694
0.7784010715738726
0.6217866987674862
0.8421751447697469
0.7744694290804349
0.7531827510284821
0.8700883909957928
0.7410230900945266
0.9166767032547085
0.7262816298564552
0.8591735633324711
0.7425578044949551
0.8386810722851668
0.7755811496437994
0.6939406617842252
0.5726396463259733
0.9392456628783803
0.8961662555358644
0.9189865809173715
0.7459414653150196
0.9769535998686234
0.8216354049972263
0.9009223416690836
0.6260610407774501
0.6391349248906968
0.6677489730586846
0.9231572279315285
0.8677077709099025
0.45901212693538107
0.8347750971487835
0.7329450034589582
0.651804405620632
0.44820510138388914
0.9670496946820352
0.9064676795483121
0.9382144976285312
0.3111754386778569
0.9580749932791347
0.9250835621470868
0.8859058142614078
0.8666441661768705
0.5863859704169667
0.8614363116262442
0.8369032346779265
0.8872769161658443
0.8930886870913171
0.8493532320059787
0.8862603625193693
0.9316343777452445
0.9564288656762717
0.9090775268052083
0.8628861505553965
0.8188575894235511
0.9373222308168945
0.8475946707722065
0.8474550111112183
0.8977425040464853
0.4556479155662576
0.891509651726733
0.8590764444552554
0.8430640122068701
0.7815873542648403
0.8951711387539216
0.7753377944257258
0.8601631667286828
0.9543922802770229
0.935557775355731
0.8595613847134058
0.8342054814600507
0.8730131697280963
0.9444308999779124
0.7397268508109383
0.5822045670901945
0.8821440714563391
0.3774755632068749
0.8429106398606631
0.969627775460683
0.855166937890144
0.6913875350135475
0.7067594046061367
0.9252885397769728
0.930351313587108
0.9297722520490894
0.9045764415225207
0.909783293566092
0.9279502085404799
0.8776580291809587
0.7391593207514173
0.5410423087191507
0.8270349566278874
0.8328202334392147
0.9475173661041549
0.9068463077247777
0.9648011039325032
0.4812295767755007
0.9716020830773348
0.930020605226219
0.8858253937454486
0.6025233034779512
0.8413376580862192
0.9012736587136212
0.859414108855294
0.9069046407448416
0.865492625609521
0.8802180320964148
0.8452399678071777
0.7635152092241602
0.9312390604255029
0.9230926615341352
0.81115869723257
0.9529089384169431
0.9090641436211351
0.8641270240406658
0.9365001997724215
0.972786694263674
0.969641175633835
0.8961960299150881
0.6470734575167147
0.9399641430245037
0.5556959804953352
0.6934935716518997
0.9389201344824005
0.8473984615556475
0.9116071951953185
0.8784718281482536
0.8012829017008819
0.7951432212745055
0.8332475920636895
0.8059234735104231
0.840908766998529
0.9181161663160612
0.4221135222708531
0.9507256381378523
0.9139126018289181
0.8321941644497615
0.5844552127034381
0.807764958392208
0.9658150462074085
0.8653089147829782
0.7531073520718097
0.5839156484300818
0.326065871682387
0.8171713381996235
0.9536605247162917
0.9555397444503132
0.9656056585250737
0.31608195915724346
0.4753249412436368
0.7271915566568723
0.9754674244750421
0.7928931058969593
0.8423603926640437
0.6985965198812707
0.8667344528666162
0.778499227239135
0.7767934976352178
0.8777108017765782
0.7343051003942214
0.9239221699346764
0.9282881485381328
0.9218235111019979
0.9600480243017535
0.6042651621627773
0.7028806040109061
0.7322222136965497
0.4130971586790947
0.9810357342647889
0.9343944017494095
0.7118404128674319
0.8047167017104949
0.901593781048964
0.9112432858812249
0.8158460811410835
0.8657087888127657
0.9387080210603491
0.9303240321591107
0.6213090827288146
0.9313138353467243
0.911314854909629
0.6365628988214938
0.8702006998645095
0.7327095869495537
0.8073030739043456
0.8330049463783057
0.9259333192915356
0.8613099980209437
0.8391865089601895
0.945247840216418
0.8671792440695769
0.8959291064032269
0.6881102280457089
0.8654502786890598
0.6966590305869849
0.8573541035859022
0.5867355922813167
0.8375588957867787
0.8858698450292763
0.87686456539907
0.8766884986243444
0.8616378663776311
0.801424498968135
0.5655142226899719
0.8992932197827523
0.83302355379313
0.8731857680114803
0.5257970772694542
0.8269648040959425
0.6886414486691725
0.4678183042419598
0.8005710004595745
0.8058602337986891
0.9612452227327691
0.6694316161834459
0.9224993975129393
0.8577530385276698
0.8410168250594676
0.21196292921624826
0.9011477171439531
0.8088477580073601
0.7351398987199178
0.927637988168382
0.5095839644784346
0.9417890987267828
0.8664070504592305
0.9042216188605284
0.8879171696114773
0.7075120681651106
0.6807728045128015
0.9307590885697675
0.9632645750306531
0.4449297074859605
0.7664020723459468
0.9506628056022963
0.8663632197697954
0.5619988599355514
0.6840968577162774
0.964237374683092
0.7373779846819479
0.7508703167036216
0.9010976133666291
0.9219396866211992
0.7868851357145972
0.962760469657756
0.9025123399134436
0.8812501936859566
0.7794775295860512
0.8410628934298463
0.43437427942575424
0.9240236789877605
0.9414361801195927
0.9415371319251161
0.8263252501628492
0.9201915519235945
0.8157089450530033
0.8917583894455073
0.8999296463235641
0.9182934463094244
0.9143726373257062
0.8990733550911983
0.7831741534759562
0.602221483028466
0.835409780006346
0.943671925542046
0.885564246661411
0.9186489971065291
0.6953801001114516
0.8075825107222174
0.8922922695763708
0.8197818458876417
0.5545533796299718
0.9363241502657452
0.9760080893932102
0.8406481073140901
0.663522171619413
0.7094431172540079
0.9324223063084958
0.5651916235270307
0.802606313200426
0.8868366920277745
0.8926146296694015
0.8772024948379363
0.9628012481799252
0.5593779208634622
0.8771087978993118
0.6854512605871279
0.9646766687018968
0.9227706573096733
0.9531881803051314
0.9489617577456775
0.7853179746513623
0.9455351136609249
0.9015315948118776
0.8155999846896946
0.8603307026311242
0.7716174512507687
0.9473465674653624
0.9582553053282705
0.7579937210358145
0.8458706198524093
0.7514411866756951
0.40134619457251286
0.9560999222609806
0.8143422396204708
0.8882349602409587
0.5732139963813864
0.9150834079457372
0.9151714928705431
0.5997152927214582
0.9437224416559835
0.8847021389199408
0.8069649752993253
0.694400149532616
0.909552514958491
0.872461494583971
0.9274602720068537
0.9052396057254508
0.9022936253224729
0.8821304829963178
0.48247758094038473
0.9395921670866301
0.8833598910578249
0.806340999672148
0.9447312506082354
0.8736075270880008
0.8711892229117137
0.8495476384596077
0.8501368034595251
0.6442463336328901
0.6867070844840987
0.9128269707923622
0.9238657805698203
0.8864298985251823
0.34100108235221993
0.8680662241369677
0.8532976589647261
0.665902234165535
0.7924755453382398
0.634590293051728
0.9266243919770177
0.7026601315904508
0.9596379423674151
0.3497255761035659
0.9575693758056347
0.8091482905552776
0.8865044893034362
0.8509661884583593
0.9735749328265884
0.5268249531832915
0.5207601895985938
0.949292864752075
0.8916545780994295
0.9342011536002531
0.9315645658144298
0.9411687762854165
0.908692610758608
0.9464938513098523
0.8240283704909044
0.9322628807023774
0.8956930444745109
0.6355915636155547
0.8808483254394597
0.8947614240424896
0.8127445731315863
0.8611770745131736
0.9629349301718273
0.7427381698518363
0.9645528580716564
0.9340656717047316
0.9133446300974926
0.9166217913041024
0.9714286327939131
0.7985841009571419
0.983923026201587
0.9607008625525812
0.8190215684550483
0.8513641979851414
0.9400660590271166
0.7872707675328039
0.8826530563372486
0.8024724124094811
0.984231257540822
0.9151420939761976
0.9511044740240729
0.9300384159622519
0.9350296699978101
0.9714876239734023
0.8327644576650056
0.7578873038485288
0.6988186769251223
0.6994442831532988
0.875556191506956
0.9237281536501961
0.8652853488944395
0.952745611108813
0.9640618509970263
0.8122567633753466
0.6889056623722242
0.933927900814386
0.9457657486441549
0.9361695310313922
0.9241577279311333
0.9601587473974821
0.9750878223551759
0.9486178157385032
0.6847347098652449
0.8287633038099459
0.9807488499357009
0.8469628595180722
0.8138685511956703
0.8645126498813684
0.9860987874106533
0.9171109812057623
0.8451533837938173
0.9882620449638898
0.8974129821078279
0.5458589829995608
0.8675660555709108
0.9511824892365205
0.8844725223226054
0.9684317446542382
0.8192293046913754
0.870251588516739
0.3531440074652523
0.3827995481718852
0.8500019138897521
0.912084315088034
0.9090265648679102
0.9244979069557775
0.8511974732512961
0.9711731978579038
0.8258543353483455
0.9496562423796037
0.6561591879920545
0.8957821890607375
0.9356737358746413
0.9248307444605349
0.9258913140414888
0.8839409894922735
0.9484872718550905
0.6651732032626272
0.8847390273746103
0.8854466962736106
0.9616329968183644
0.8948477921185953
0.9067601607081169
0.00622372979054131
0.7766524127551813
0.8726056168660249
0.5283226080472382
0.8066561208691837
0.940957822362452
0.5631183159690525
0.9520712391519313
0.8969001606526162
0.9890573603455652
0.9893123403770941
0.7662031533189076
0.9076577989936684
0.8526814485417764
0.9355195407328271
0.5221323588839971
0.9620142615368085
0.8093347688118905
0.9623917297957738
0.9211087034427758
0.7114940886526324
0.9454805640562297
0.7275309526977475
0.8555063984622158
0.7864769320399858
0.5761399308427033
0.6948633475784265
0.7908655367179147
0.7362292460700564
0.6771579337810163
0.7225586239633435
0.8761224007349506
0.9549371205588001
0.497311553424332
0.832302065509579
0.8205024694850955
0.9298541230311327
0.7803252793247026
0.8570925652427774
0.9061633066894951
0.8104105245712224
0.8207456576037014
0.875002773492359
0.9053411902222394
0.918954437658842
0.9681534351616654
0.966956692398677
0.8717635292986644
0.9331728670213734
0.5061972223875326
0.8416149579083273
0.6706318543736765
0.8403141447872631
0.9046177314112032
0.682386501847698
0.7859590952118132
0.9015663585553774
0.8994322875845868
0.8529742039482058
0.9238387089273566
0.8695088436806404
0.7326077066470019
0.9381031778356682
0.8577800642288314
0.9232566804392328
0.7117390895895992
0.8692559621466917
0.8046789536193729
0.9038906170886306
0.6311946783296869
0.4110949491422987
0.9659531912202867
0.5832566254314921
0.6140697018358177
0.8678857781594548
0.9058451007628261
0.568431601950593
0.742360345488982
0.8128044836742837
0.40326673641385546
0.9486930875181666
0.619435841185674
0.8260791518373901
0.9030791814100668
0.8235645251349544
0.3802324563890275
0.8475315595854893
0.9384241773035817
0.8797727835401588
0.9055765438639334
0.9704148184467118
0.9200249391221503
0.792301211296242
0.6135907799667776
0.949439675858259
0.7918306645728642
0.9566169168977332
0.842106069233022
0.8290925319935689
0.893379518947355
0.7956473415597874
0.9049464035688386
0.4994786085606542
0.385749573257689
0.905213334601184
0.8517972751038055
0.9182334500754398
0.3654214540912397
0.8267592423957353
0.8271960111904313
0.8832994997655204
0.8612464547496109
0.881966252621683
0.9631371902291045
0.8758062186325752
0.9215742726520881
0.9167795230254031
0.8784018554123256
0.6614418405393415
0.884325191295019
0.9405001253519948
0.9319696528418355
0.538529131216211
0.6130565561692873
0.9249987980133231
0.9123403701245089
0.7510240797417049
0.9748784322384039
0.7005107180936838
0.563998166832461
0.85558809308617
0.8478364948807978
0.9395248728299689
0.9074221241795579
0.8813792994179321
0.9125638314184914
0.5644718358629843
0.914622818208126
0.9539317233336454
0.8258923177707811
0.5327402975855737
0.9573729172346539
0.9280407678007716
0.8964280727138842
0.8071919676103837
0.8912539012400001
0.921205759109209
0.8773291911266528
0.5628424413229436
0.9027544470839478
0.9103178045935199
0.7158199802947148
0.9278511116312316
0.8799935166317898
0.7420763735456543
0.888837757298615
0.7630412072079235
0.9525162284429788
0.7278375595493969
0.8211889481408383
0.91020401646055
0.8789087631825291
0.6498425990239983
0.7955349307671754
0.8524219782705078
0.9530374678697597
0.8795323996530808
0.6825613038888327
0.9801897803992246
0.8993238629316122
0.8246015047765044
0.7995936599743867
0.41426357456481977
0.98493208380346
0.741498166203206
0.8775955359315234
0.9160592263663894
0.8041860551669898
0.8368218331033307
0.5942457408128595
0.8906529785146312
0.9690411998444405
0.8539726476139897
0.9355808847954217
0.9280047366985789
0.8929276596876506
0.4233662338274955
0.9603561162335057
0.8743454229512302
0.7975363620108893
0.8355016454582374
0.8881292131230762
0.9633954292112572
0.6391966041040564
0.7724514683667274
0.7230698982862253
0.7169766288854164
0.8001165884440705
0.933381376910705
0.8419173969669409
0.6333971241164745
0.754695504793303
0.7493622773165057
0.9109120738877542
0.0982413641120724
0.8765983374687747
0.5989666850956066
0.49342806628469404
0.866928863300477
0.8697451069994802
0.8582078394921904
0.5888086651858866
0.9351410130289257
0.9188124211727426
0.8820863193134622
0.9786741152512107
0.6725150733975208
0.8695952556115856
0.7912964567848721
0.8565159095466092
0.7881860042953848
0.6999402881187404
0.9103899274850645
0.7866542952518428
0.6957512961226588
0.8761147839605431
0.9332453227627839
0.6631535508873345
0.9671409367673938
0.7354027460081984
0.5923054015220346
0.47769402733711064
0.8408672257199676
0.9392392879608172
0.7993993887042566
0.9161344571000104
0.8682644559088268
0.7747651775296601
0.8531538319032242
0.1535320076740193
0.8474941364221819
0.5024073410072576
0.9356847639883792
0.9253769636087349
0.6553691361434888
0.621084282597882
0.7797632883945017
0.6474210194755297
0.7775119569384196
0.9283761417400682
0.852047713947613
0.8691384380452802
0.8656089901884643
0.8442847251522247
0.9064420369853303
0.6026578305748103
0.7749958545317855
0.8341585088824057
0.8594377574440383
0.7757380795840226
0.8740191656083265
0.81926548966268
0.7983587547866362
0.9288081161160766
0.7439773181225033
0.9349289912542177
0.8265101655556184
0.4161685187844273
0.7369685712810822
0.7905095361663237
0.6572317954192245
0.8264085096243764
0.9230235636361511
0.8175985719492496
0.6723595460735812
0.36425729155185627
0.9556159130124044
0.8932242326317847
0.9847493161933353
0.833056211338966
0.714921185316389
0.7969857795711379
0.5190927780423423
0.8873494367863201
0.8956500776372754
0.8938197915253413
0.918790931728552
0.9438442005047855
0.8248816127228613
0.8929311839308938
0.9360678434320486
0.900269929499925
0.5443963204128937
0.1346197875618097
0.5810277647901533
0.8811338313123683
0.6350804592043527
0.9773331438653164
0.9369490592748666
0.8798384945473096
0.8766639385299528
0.3710660641653307
0.8878943350882331
0.8361291754833072
0.9327538847400826
0.7416264225225835
0.8818254120496286
0.8348589699404374
0.8074585328826402
0.6801138718660391
0.883679770697812
0.4817493338777734
0.7322552986872437
0.6156610650071692
0.9111381415972413
0.9528105501424144
0.7472964225132547
0.7190613668363778
0.8007804749086097
0.5730817846010738
0.7293917086618096
0.7574175164082231
0.964900812839148
0.9018062382448319
0.9752261571455191
0.9528061532590049
0.8840148329546544
0.9395714201273375
0.938864680231269
0.9281306979341962
0.6847800429935375
0.5519268847171259
0.8748165481933086
0.9666499830924308
0.8090421110320078
0.8512572048358589
0.8440966555611762
0.7928324141585188
0.8634193509033378
0.9121070012359115
0.9026508492756542
0.8845366779566375
0.8920590337963589
0.908574042481463
0.9560538417061414
0.6033397004442632
0.9440335967202
0.9843492232510254
0.6243893198290851
0.8633909310104826
0.8269305602922815
0.8985281382554391
0.9009914577238592
0.8985776082990888
0.7758467357037019
0.43780975857212934
0.9090170084550727
0.9157803564654302
0.9702610442292435
0.693093670925427
0.8628518088986494
0.8722817154602094
0.9225877561008895
0.9075962767237681
0.8934454260298009
0.9241677303564058
0.8592657274882771
0.8565757562167704
0.9651065007569344
0.9104320387720697
0.38186356006272104
0.8899089335296131
0.9325200858888851
0.8300990697060168
0.8689458175390704
0.8421522353889767
0.9100255701194903
0.7835891822548466
0.8322685401425615
0.756146910580124
0.9125452766350831
0.8068479294766695
0.9762300425712233
0.8232562483320884
0.9024687298087813
0.9254056074839483
0.2916318935782365
0.9196066846906198
0.9631097345825662
0.6420877898956224
0.5399090270115747
0.7918353495192743
0.7941820587741221
0.921257405506247
0.7189057712351428
0.9266927813921457
0.795902255112051
0.8331187278177095
0.7916733682057748
0.2421677722719825
0.7676879569183528
0.8982134897075635
0.7616974881610442
0.8453344864744456
0.9087593935369069
0.8869560908622953
0.9467815555180241
0.4650731350724757
0.7597399806004178
0.9172629725469356
0.893358609547066
0.8735001392039465
0.9140756304886447
0.6466504918020188
0.9062956364470559
0.9406989921949391
0.7879099053039839
0.594785975907921
0.687463395897669
0.641200545554934
0.9494678060358759
0.7857217807765619
0.9375120717066917
0.9752426702355416
0.9058721635352458
0.9453924779680215
0.8632454527003305
0.274859223166262
0.7103795060980542
0.37069425687270696
0.9293616901599893
0.9518332274109119
0.6388333786152982
0.8989949161364683
0.8055556937084545
0.8751474584346937
0.05380582452195937
0.8663602750892485
0.9091686948727852
0.9396463840961833
0.8798800101112036
0.6673840607016057
0.9755092320465282
0.8561193086238574
0.6983272299319805
0.7098796562582155
0.7050994062981901
0.7489008672260674
0.8031975832596687
0.9661242158194506
0.8514677409972026
0.731999909343048
0.8481967816656539
0.7238712772561915
0.9308264289926692
0.5646319510813849
0.9005464162331358
0.982541657427031
0.9678763480356553
0.9620851119495122
0.9661668478353236
0.6738150879703821
0.9731840711679585
0.8371256912534356
0.9572463060280353
0.8398430013943501
0.8991646189223033
0.9031473947283885
0.9807764478652775
0.9644293370795741
0.8009977490966923
0.9644882149251984
0.8769586122413642
0.8017120029925098
0.8137669095391453
0.8772697177824945
0.964015367768544
0.596990085616885
0.9797748009629859
0.711329939359552
0.8309008738746275
0.8761572228226233
0.9723030783219876
0.9626814758133002
0.8450105161724748
0.8619958498810745
0.63226705943361
0.8745800019614414
0.6475261484872245
0.9574496130656357
0.6258384431164423
0.9126462214842552
0.8276782536084089
0.81723406069988
0.8536601668966322
0.9284995655071334
0.5802074715705325
0.8226674003359462
0.9378738817850266
0.9349768036098992
0.7754904963396443
0.8853331668905651
0.5896628099257328
0.6815583939133265
0.8635316634985032
0.9313894059649016
0.9083074965669852
0.8705843639946815
0.8080144659967019
0.8915956601788869
0.9228448539768217
0.7836560666299905
0.9276968871115856
0.9004013444186948
0.889178839828631
0.9153786816228062
0.7798994415812217
0.9010623592740243
0.8364352666676955
0.9222688207083206
0.6347866273621746
0.8166490279635228
0.9716687085628499
0.9077770422448308
0.8996779092513819
0.8270548086200663
0.8527426233025285
0.7932505546616789
0.10485992251308696
0.30209879782790905
0.6363990603296286
0.917640496544094
0.23013399698054116
0.9220422136553862
0.8401315702165595
0.9458169712390853
0.9105400583288474
0.9562863729654735
0.839963643795266
0.9301775392008145
0.8456216427554719
0.8771170404983507
0.7964415642889666
0.7916111032058282
0.5826642023368565
0.9284176264887782
0.8477486995305439
0.9246732089488833
0.8212439675588852
0.87191939891845
0.4681411278808122
0.899757226605292
0.946049876880361
0.8919507718662647
0.7642960368439297
0.5197827157208215
0.7807444001901609
0.8788099870868744
0.9228992300653422
0.7913845924123107
0.49763644727118095
0.9578486484054249
0.9822749921620203
0.9094287983048028
0.3955965814592519
0.9106031422125407
0.7711509741844922
0.9212889897721712
0.7039719595918199
0.8307164906896439
0.8490868558723568
0.9272649978261112
0.792265785386445
0.654587835435108
0.7375812951459688
0.9484259955394302
0.6785067053251667
0.9260217930492405
0.9197817112204779
0.8537690599081416
0.829198676414904
0.9558886265174155
0.9277955837877617
0.7900759853256272
0.8704619171202053
0.9417261405843146
0.9087048029762097
0.42960216145871977
0.6912491327770138
0.6653125395008449
0.7371864569576319
0.9218078262849181
0.8630915032834369
0.49087729662584234
0.7441092779249092
0.8793511387634314
0.2438669604416135
0.8989498496329758
0.7382383305567461
0.9797012682326279
0.8699740957380351
0.6779568169428567
0.9737748721474011
0.8268747500905373
0.92792459165361
0.4668181090139941
0.8877935191720742
0.5195112661452252
0.7482433685029246
0.9334528202061085
0.8460447615237185
0.9764951737477694
0.7106499462422619
0.8715966038829666
0.9286696490749357
0.8140603790864793
0.6579972405286882
0.9332072181680119
0.8410456165874675
0.7242622022307743
0.8796468802903824
0.8129926937155375
0.7206074306709143
0.6426787016726634
0.9107814644214349
0.7941945667698627
0.9510779488844996
0.8011499837782845
0.9402443283462526
0.5949984815329654
0.8290414654068292
0.8473236366471928
0.8807793886154581
0.8874365283946215
0.8637655024514753
0.9021237736192693
0.5452631186546804
0.8566526882071173
0.4359361988765279
0.8985609081978768
0.8687894936350611
0.880994313541431
0.9207668178861985
0.8060390077472331
0.8861627685496829
0.8998760735453706
0.7330474530242821
0.948032730844855
0.9135082798758564
0.8284042830454859
0.7567792088732198
0.8979920108482782
0.820301478916203
0.9433790335533526
0.8638147081554418
0.9489239161440096
0.6183395322965002
0.9260099855312929
0.9151055999448386
0.9513382652384624
0.8052048902377299
0.748677761052956
0.8251542442332622
0.8418649988295805
0.8842106312206296
0.8580860853180801
0.8258091268840219
0.79587465882446
0.9424897062572078
0.9179404752728049
0.7011914277106879
0.8252398501842361
0.9124166551285517
0.9851477622376204
0.8225912694296292
0.7903521082170127
0.7151014397232249
0.8225409046752886
0.9089950940681193
0.8490394131772799
0.8163510827312666
0.8902671534351932
0.9231826847084432
0.8176810117950759
0.8279471292261247
0.9545497486555613
0.8253297266033744
0.8235341686597234
0.7402097473627112
0.9243055643118598
0.8863203893826267
0.9681791184174852
0.6950633001487259
0.9106349464886064
0.7532678407792593
0.9041065260208125
0.8991803433315596
0.9733962115943092
0.9308867301597765
0.6457691314511156
0.931375601205561
0.23939586523170653
0.960871177599287
0.8545264325902682
0.867026374523354
0.8467714586596949
0.7819054887813781
0.7710307383678475
0.7764426378588579
0.8161656595145164
0.81062704471493
0.7312921051945293
0.9244717766269093
0.8085380852159414
0.9185394648718028
0.9230282961547832
0.696395100638789
0.2407433311234255
0.758809892068538
0.1157295733682101
0.9446061884831412
0.9761400680386205
0.882997948175369
0.9766574175337418
0.9795009070468961
0.9094950873988258
0.9549820153784168
0.4372950006249531
0.8483507949080062
0.7681213744547117
0.8463713500317381
0.9179927500657328
0.9622758653564617
0.9028579042254284
0.8608449830609155
0.9213801179170019
0.8742902135845116
0.6588564495427374
0.8526137588422338
0.7769368498406126
0.6799135644710703
0.5074150169361837
0.9848619180386688
0.9397409804158219
0.8220452623677496
0.8574553129607534
0.5821101788999502
0.786394520470509
0.8293027236475483
0.6692181016335184
0.8015667738531953
0.878071212283304
0.890492333124296
0.8730898246629577
0.9607375898770993
0.8538477436193141
0.8311419526011299
0.8913462007565292
0.8314833451967641
0.8019407214829228
0.8010739257551664
0.9241250038682415
0.8977252149572698
0.9800299990881706
0.7698423295478514
0.9273442883547802
0.8774873503968225
0.773294864073243
0.8507907056957249
0.930480348550036
0.8962361835179677
0.8276037513146676
0.973708051149145
0.8451835686816609
0.6827776591315017
0.8780999001439286
0.8607629824622758
0.8218387416254099
0.8968308215071358
0.8407428003140636
0.9477692752827549
0.7539497012652527
0.3250880182890541
0.6220011506899887
0.9076239467472426
0.8824507604353105
0.7143492405570216
0.8831665591060142
0.929197990674457
0.9416919440909495
0.9104029405810568
0.8130943806534885
0.7604542933629745
0.8644927564075783
0.9414130824243492
0.86138031333338
0.7124189253599053
0.832582635909259
0.779613879095399
0.7674758106563124
0.690629243541975
0.9214576444615109
0.8546716488432778
0.9495753721520483
0.9132424928836583
0.9563082014857414
0.9518726335388029
0.7988242529557404
0.7569127510945542
0.8227414296835918
0.8779218084861113
0.8684668397903581
0.8695144978341254
0.9227420485746646
0.8374486377629178
0.9676545656115569
0.8869908685673276
0.8713294592987251
0.8082813026385431
0.937635097023745
0.7279488224634226
0.7290488588020224
0.7849596314733144
0.6425145980194402
0.8913788337819741
0.9480273147020756
0.7730889952410004
0.7769596391037753
0.6863244867431567
0.5406829964604108
0.2687636471987156
0.9295993915676044
0.948194694495687
0.9080200878745991
0.4302192058770892
0.41713437778568696
0.8725747401302846
0.8857942922369453
0.8433220692553457
0.7215263905935325
0.8498866473887002
0.6332622240278403
0.758243682241157
0.7010406497466128
0.669562639967644
0.7841002569992908
0.8836023940612142
0.9554524720120501
0.8189069839391263
0.9222772378480351
0.7800003777713238
0.8307739497898003
0.6231475721313375
0.9163164249517247
0.8359346123105481
0.7382763727287658
0.8146088018724225
0.681348174038308
0.6463832104112508
0.6551316178523978
0.8446837920044798
0.6097275107284412
0.8951120971528918
0.85151282240809
0.7779820942253447
0.9050704964184487
0.6972075977318175
0.9002060367009745
0.8115128462032137
0.8178724023022531
0.8986387415600655
0.858688792128751
0.9607682447544053
0.637450623980407
0.9381942340070436
0.7212684490639457
0.7433480736032723
0.9210039135067667
0.9054404919929895
0.08220193372791096
0.18677291380016947
0.81950570416806
0.8752342766767134
0.689583617328916
0.8435696743678263
0.561205389250583
0.8688645554619845
0.9567959798701671
0.8693819615695902
0.9102481234627496
0.722457916818154
0.9550053678374496
0.9144290207477394
0.9270475433123194
0.8631734094380584
0.9643390516712685
0.916198909364839
0.87222067051985
0.9228232560854326
0.9314322813739063
0.9337855155063233
0.8838623652848586
0.723289357109085
0.7357195238877294
0.8794748543491211
0.8433027238189192
0.7981319648800576
0.8349639315650403
0.6066513984086165
0.8406065249012601
0.9033347008314028
0.8395902979348241
0.9135983769199396
0.9187580519885946
0.9590142281394702
0.9526177374869441
0.7192309541502682
0.7496573706560383
0.9112413532524619
0.9479152450056751
0.9639128389797409
0.9457790106953744
0.9118817015423066
0.8105255613983338
0.9449920336038208
0.741185034684557
0.6780692230340688
0.6717927559091404
0.671671049898878
0.9655449270407053
0.864730633130219
0.671511442652437
0.5591808460665785
0.5164284961513096
0.8648855194749201
0.8502198071489087
0.9168831632076112
0.7932173725308627
0.9214493906814412
0.9544440135740283
0.8754321358687658
0.8954879259015264
0.6841921077074601
0.871455871022907
0.8359962596024351
0.5777880392357027
0.9091497175093786
0.9236276083661321
0.9495049529759864
0.8471288964276645
0.9017391860805328
0.6626948221732963
0.7631938585631878
0.9687375688420322
0.907742697921593
0.8043018140542512
0.9485191580364081
0.9109864629345422
0.9317670801978446
0.8884542856136551
0.7074492000053967
0.889521407598751
0.8642486497184546
0.8950181717380977
0.9329292788643828
0.9396792290653838
0.8697218714012174
0.9345440460636688
0.9815934582749688
0.7961134596351395
0.9074768758402145
0.8002760844559123
0.727399254215751
0.9555088213797218
0.8707888990744861
0.4118731516849312
0.8161199917467972
0.8917363332398152
0.7125081739206545
0.6330815187159287
0.8194377634877189
0.9659247982903724
0.8878520496937095
0.5740783438393631
0.9183120673571186
0.8309379544640423
0.8455404743104645
0.9034826948416069
0.8200921333757092
0.9137440433342869
0.8380396081144198
0.4634011384132992
0.8736638663829166
0.6813777534793092
0.9608132712333551
0.6943135158882536
0.4005283552808194
0.8839599390298533
0.8737427093183179
0.9382938808964221
0.9688138302888538
0.8674627500517589
0.8345222926176825
0.3136213966085143
0.9184837476235019
0.8429395358739601
0.7102452265268544
0.8883543767343676
0.664091211863419
0.9229618900219682
0.9534152746059856
0.8643726695790763
0.9490328958836745
0.9631936896815005
0.7920324434014565
0.9530843907176711
0.7602704565683147
0.8365649192940661
0.8267047840239931
0.9062233911462997
0.8020510557432126
0.8739697170084872
0.4845785503337524
0.8801902857790673
0.6864617786702214
0.9057772404232923
0.7223010352275304
0.9187197255546922
0.8560109634909903
0.8242813167921454
0.7517705440119977
0.7166866166491215
0.8639395423524707
0.8435902086012826
0.9287983624388929
0.777419274053813
0.8141220789170914
0.9521865162761911
0.9688810860530673
0.8759018166530731
0.670419355355578
0.4007179498912734
0.770735408177331
0.8548462169631211
0.3452519026644061
0.9483972880497986
0.7014781893286788
0.8789961279865931
0.892816593248394
0.949240506996567
0.9288967573460158
0.7648304187811199
0.5448467634448748
0.7810429394324789
0.8374931377240189
0.2771510997952292
0.8013638647539166
0.8961557353010433
0.829880827478751
0.948863694938849
0.956722337780971
0.40847286191830534
0.8455059545195209
0.9298335914591837
0.8188241518010037
0.7837628629098983
0.8630497434707128
0.849506440759053
0.9531182248899405
0.38180077702818394
0.9272162766188146
0.9554211587746578
0.3931511736020179
0.9196875047112213
0.7305830926013515
0.7772450849230805
0.7926781231182176
0.8732449004423111
0.6789822780383805
0.9313514972150437
0.6099707606811939
0.8929784204354381
0.8941295819533949
0.9536864548630919
0.9100326605622806
0.8329218824499588
0.45421637604071907
0.788253715363593
0.7086474282455446
0.49898248037107207
0.8261505563792275
0.8927517985680253
0.9203614755153426
0.9191255889829402
0.9421186781515568
0.7896144485319151
0.8986197359375249
0.46385944504013066
0.7418218322749985
0.7230915132584192
0.5980260652955578
0.9331499019538417
0.9415772905343489
0.7474020530855003
0.7178220070057646
0.9156571479509783
0.6856940562226234
0.8801189429793985
0.8422364902664685
0.9295283085938548
0.9156322923881478
0.9459609253846949
0.862498775389846
0.8509101347675233
0.796505287807496
0.8934772819458056
0.9418742427682921
0.9878491223228771
0.7332320717340872
0.8441434368471596
0.7546543884629136
0.9389449005048613
0.8609300490316182
0.8386066421174748
0.8894648276216064
0.8955128176874257
0.799182728613117
0.9679410916981734
0.19228282783478157
0.6534546533051262
0.7848752855527548
0.9145772186034336
0.9741237919923367
0.13866323848561435
0.9038447949052131
0.26593879417535193
0.7386257765942783
0.9500809136500453
0.8275580818414568
0.9455149391693396
0.5185629087631798
0.016060354031716018
0.6830037499846289
0.8664447034220879
0.9240590182189117
0.9254703072724908
0.9329849877516326
0.933663742460529
0.8083543383256682
0.7078352054249581
0.934062050319823
0.9050893649318804
0.8786727622886698
0.8051427304292045
0.34579544525077643
0.7194463867005494
0.7812778397562108
0.9162659429468172
0.8676312220234368
0.8643953346753941
0.9586574225705558
0.8604182654952611
0.9390274775573444
0.9432777973490355
0.862732206903666
0.8100609252727748
0.8355660914023006
0.8999362486858106
0.8075584715702415
0.8460520412995394
0.9627074499327477
0.8610735788609826
0.7362993838333102
0.9482146135893694
0.9215087492342054
0.9333627826106198
0.8975323288561522
0.9458859229398443
0.47316419496487505
0.962237449310356
0.9512545361729423
0.8609167856759421
0.7152480481545922
0.7584728402815663
0.8487302192505785
0.2903419373947075
0.8574496643101607
0.9551097762598363
0.9297339967203866
0.8325258077606121
0.7721570103828617
0.9203497751253592
0.04506210842478764
0.7400941224054032
0.8848763775102657
0.9379699130585571
0.7564818527889052
0.7610439268730655
0.8782053897612064
0.9305590446745196
0.896479120139888
0.692618711866464
0.6320877889054124
0.6223322352047533
0.8818835881605739
0.8255493660922248
0.8009771950990096
0.9217778811775905
0.9537224006492058
0.9197055639543357
0.8508413363030037
0.4910418241848218
0.7713494682789441
0.67455871791572
0.9452174471019337
0.46057450748993733
0.8881602677388625
0.9426911662047381
0.8724891483851942
0.31903712596137446
0.8684398259762575
0.8767560751996972
0.805732774996759
0.7220826180688514
0.736901722941233
0.911081565695795
0.8816562782316201
0.9348924184026752
0.8926991607846492
0.9821171557015668
0.9513779395746982
0.8966804102571423
0.811927088400963
0.8942602920608134
0.9443889993429968
0.5920229475202965
0.7007708098788737
0.8148637344742726
0.703265422290734
0.8841792604776645
0.8490189695676491
0.8690599612929111
0.6705243552709892
0.9412610404298585
0.359025871598427
0.8026807532000653
0.9429397490999724
0.7961521490792604
0.9397548938512467
0.9679514368940895
0.713739413753864
0.7695534187179933
0.9376993647327112
0.827224839913042
0.8620915365305697
0.2095476420412894
0.8098033855852279
0.9770915384110421
0.9592527776323888
0.9026810093588437
0.7764028113529147
0.8213649489185577
0.7323910363442466
0.8475626301415812
0.9544164265569423
0.9236466637176597
0.9370141826335776
0.6987305325673183
0.9604985424561817
0.7892645960383667
0.7709583341450541
0.8074910343290637
0.7456822013050123
0.9720635509459261
0.8611263894540953
0.888563848790992
0.4873625929983264
0.9238203150032034
0.9230791141363015
0.490615737624171
0.91447394942242
0.932887209613678
0.8577001286024888
0.8931814310781041
0.8843396776794346
0.9521592879919739
0.6884352018966803
0.9326105752664695
0.9727242197848887
0.749913303788593
0.9192357805312423
0.7366974760860118
0.8773096586901016
0.9108512336361386
0.9180381179748829
0.9263002009542814
0.6188390307018331
0.9037554647225972
0.8719954789056668
0.87576822355049
0.7560295576687497
0.48869865966040293
0.8668735511386759
0.9089332748268673
0.913884158606094
0.9212798813461899
0.96827606710877
0.40378192353213394
0.9643019284033277
0.8686219221604846
0.7875617791655611
0.6918007164148595
0.8791222547586154
0.9448655593561573
0.8116410971319195
0.8215207387188829
0.8615357905879791
0.9054933940536152
0.8895840849132486
0.6586796265254253
0.9086303491163388
0.9397992757683847
0.9553432096396509
0.8737700961206498
0.7132865207728379
0.9504548647020797
0.895401293445803
0.8450359704628251
0.7621161680497446
0.8936791118819993
0.8392895808881112
0.8412675171250711
0.7142356342399374
0.7046211824202935
0.9564724300963717
0.7490016585687689
0.8782667223732118
0.7131037202937669
0.6657219646863872
0.866152603473078
0.7189969282667479
0.8396308949067357
0.632428128739756
0.6414010040607243
0.9215538795192293
0.9471462092889348
0.7316482331600691
0.9111885188413201
0.4778015374364546
0.9209122082086973
0.9657626357348588
0.6604659409916924
0.6368636941718282
0.9233630373586925
0.9347323037635863
0.9180136792660898
0.9111161451002519
0.9461087541399177
0.8132068129771005
0.9316052469565036
0.8745992569329528
0.8817991587667726
0.36013355366050903
0.9759569070515187
0.8629599563096513
0.9277417579074787
0.7501064183518923
0.7962506933892013
0.9353779963874668
0.9420496896874931
0.8314639861373342
0.9000476220903055
0.7801491966133793
0.8398381334769026
0.9292735464506445
0.9574863343997643
0.9393882561925666
0.9535380559491368
0.902037777434424
0.8524477511253847
0.8199905494497057
0.7943047610048672
0.9493639801228864
0.5704333434785624
0.8505742560901356
0.06422981392414062
0.9329484664424419
0.5769191421804447
0.8124754990783818
0.9441370218122402
0.8841227167544022
0.9609253988997467
0.6506181110059852
0.9621093451615719
0.8533944342420362
0.8966444872693742
0.8996899995525733
0.6913505841217522
0.9199117990942044
0.9092260396822903
0.6467344852636259
0.940978614767582
0.7860551526436765
0.8078350832621475
0.8774577648489855
0.9227790078295673
0.7817770052799905
0.926140379858306
0.7181481244840062
0.5914646789607971
0.4453642285778754
0.9610624135641125
0.9348676859505377
0.6166355337618685
0.8044029382327311
0.5381712808037427
0.9435710550917105
0.8151204166956232
0.8755029659753915
0.8145461803049352
0.9486706743591248
0.8544459085865789
0.7806243859547359
0.9677932139363055
0.9334212352348656
0.9388283575111488
0.9043134605424289
0.7689107230568926
0.34190777422218943
0.8148957002457831
0.8247299607844936
0.8604934644734343
0.8650628842749934
0.8419859312621192
0.5464794239749373
0.6655254615874484
0.8189550333958036
0.9344163500489744
0.7545065032618389
0.9001718571745669
0.853464470425529
0.8022445410689871
0.6558146717705362
0.9284300900689346
0.9451188680908577
0.7727790646267475
0.8689074622355752
0.9122144392166335
0.8828070222300138
0.8403051024186795
0.8988029322489798
0.7970972154897975
0.6750146302214043
0.8692853957528646
0.8873168231599211
0.9053816708413727
0.7070033806470465
0.7462019939489124
0.9123940638381167
0.9409071831235
0.6031051543726768
0.6300037965396554
0.8745049800948683
0.5828514851729878
0.8358818587939292
0.7669870603825477
0.9340974669740992
0.735100859922387
0.627499948970014
0.9439288316482806
0.6531961428813147
0.8961248070426225
0.9155647133501824
0.7686005470891863
0.7823910424632818
0.9268895122176624
0.8805855596723204
0.8409340703982229
0.7741132485691924
0.9550461356239315
0.9740692830438196
0.4259331809156417
0.9346790673193912
0.8370651104729568
0.9179677302739462
0.9438037861703936
0.7663605099889872
0.7759718933576257
0.9070350348782191
0.4453840582781071
0.9019508887353849
0.8372557586052118
0.9066644964231592
0.6672867879096347
0.1636888211894325
0.449849558593573
0.7712690525864536
0.8679075707968961
0.6111338925275922
0.9858743924076752
0.7623866843019698
0.7994497677587648
0.7734186382943247
0.8780105745548592
0.6311710313505535
0.6490609360563154
0.9470499510411335
0.9555656921653939
0.9191084496584804
0.7065462586019746
0.8596526851902632
0.7885751950212605
0.8543016615562162
0.9458698594741527
0.6839718856201779
0.47815780768138416
0.7793519716246042
0.8755941375899801
0.8880724046470275
0.9228749093769657
0.7042797601482707
0.8569731869705025
0.9221855099690369
0.5456957984229982
0.8466197967200393
0.8346125322239516
0.6366787916577916
0.9788099645474094
0.520134076324515
0.9475901495848731
0.7443764146039592
0.9138571237651417
0.896376781277421
0.7001144663725006
0.7963060891972785
0.7549526168396762
0.9275491742160172
0.9455020804569738
0.9560173543055701
0.89354333910718
0.7757810459048963
0.9372247331980311
0.9059056672628989
0.8369443809336813
0.8802995638943276
0.7569674262239408
0.6011593482624431
0.7983463020492538
0.7484945667617262
0.9358002476779629
0.6141767715848906
0.8730433874232773
0.8142641107893366
0.8886461428483325
0.5692132638024834
0.9316559099807671
0.8357254283882889
0.9375617323549262
0.9533557723368539
0.8214727835073684
0.8218992311255431
0.6585372846756772
0.514757650473825
0.950131649594132
0.8704127310831458
0.8537337679006418
0.9475383356007944
0.9546284259051878
0.9228087631429553
0.1321054678550525
0.891890930957812
0.9161095176630973
0.9646047303264178
0.7841560017526208
0.7118805798530934
0.890400289541568
0.9452397783129783
0.9189640375645661
0.6739688630241056
0.8390852426668683
0.8904208727687002
0.5782560431881922
0.8890059729962821
0.971093823293319
0.9186925990861717
0.9113904993276382
0.984456841703729
0.5814984736339781
0.7806624738218273
0.5560385117650495
0.7609422591746484
0.4026309491896155
0.7797230360614119
0.8949312371129687
0.8630677825359379
0.9571444302683944
0.3446531794816057
0.7393218948251881
0.7165883905286742
0.9331414572196055
0.901752498323967
0.9551517267283639
0.8031140312847307
0.35638450891332685
0.7378110314616705
0.8564645757363618
0.9336914347566869
0.853280664581037
0.8825224591483493
0.969382673581476
0.9178821856179051
0.9874736080145219
0.9000754012379016
0.8726837272684912
0.8976119487168308
0.9127161930460441
0.8561845610070377
0.9367624815424795
0.9450381854158751
0.4349026221341544
0.9039238323655403
0.8909887267490182
0.9169429875885763
0.8087511666987646
0.8694626080724954
0.8944411940001865
0.8739920221698636
0.7677381293514913
0.8864631640179198
0.6527376232860111
0.9027274297160078
0.9781864075791478
0.9430822210455736
0.81341175021247
0.5349263780930515
0.5290558068307973
0.49806310930039444
0.8087731454855711
0.9733429146671503
0.9672054242270884
0.2101052779139444
0.9541059327924609
0.6167843105040394
0.6940367807863035
0.9204443105955255
0.5744303195492013
0.8144676881105369
0.8792687499163844
0.8815507103283917
0.5134932530628074
0.8625127015548216
0.849649782900245
0.8713484047266584
0.3948876434479678
0.971981296428885
0.9082268093405107
0.8034624226524447
0.918579023027345
0.7841672706942766
0.44392463425673145
0.9010076374063497
0.8240805289526643
0.9831637530786616
0.9453421033556245
0.9163527418510397
0.758013192512406
0.9222023391113208
0.8402283824981895
0.9592001520811205
0.608296221468835
0.8581114170245754
0.6660420688860538
0.9377529410492759
0.7772876188676243
0.33984321104473725
0.8072202887841875
0.9655687896822696
0.9223804208983445
0.9376678807961405
0.7605461178764431
0.7987979602464206
0.874970832578439
0.7361488767229698
0.7714989096582492
0.7666256247676637
0.89587835507129
0.854754370538928
0.8340398360821287
0.9818296082340381
0.5627408923182857
0.9078054774212714
0.865669431560363
0.6298506319627482
0.7626244088135347
0.9705926247564799
0.9194498491805625
0.9401974408851639
0.881858927346336
0.7835062051001116
0.949602436476169
0.765668018408046
0.8448158631101731
0.897172493242168
0.6686761697792405
0.8344563211153149
0.9720706098946851
0.5440027935457585
0.9222318666344995
0.7431431612656396
0.8902144888624258
0.8940652742978445
0.7072184831285137
0.9156778986735932
0.9206278850021912
0.6493876065910669
0.820627428545601
0.819091316423611
0.8558607059736911
0.8594769442598873
0.8323670297080048
0.7295916439446577
0.11335715573361538
0.8428211057298219
0.8992946215956233
0.8907687488258019
0.8179117387324092
0.8757191924444775
0.7838638021592184
0.9284530365484815
0.9262357072125604
0.8164147496726522
0.9208256632015339
0.6959921827859898
0.8818487859507067
0.7884981065239287
0.9241964753299969
0.30709710691044856
0.9272755374641091
0.5421697769246762
0.6877269371097874
0.808982748370938
0.7333751655288827
0.6407534506141741
0.15556772521798856
0.7044195150135388
0.9723675101065854
0.934516981332703
0.9382399908747895
0.9337218178398523
0.7732170614240459
0.8808020195540284
0.17638728738947795
0.8856939881494237
0.9107004541998991
0.9584712095601872
0.6832312288014706
0.966181278924954
0.9514290763793765
0.8597930443933812
0.8281888927348448
0.9264808526101205
0.7513027136179498
0.8319001611485062
0.7744086000030926
0.5330913642957728
0.9452744085396881
0.9163825171435935
0.6476152198855125
0.9469178762105809
0.5233649500754884
0.8372470678336452
0.9088358700217758
0.8029139779129566
0.6018015649476366
0.9264261824058926
0.8683837718616102
0.7112719999863822
0.9447186301440298
0.9645786799806998
0.5460087187312228
0.9537583055188216
0.9075617628645163
0.5252223774114342
0.6201619517174488
0.5003020955631563
0.4536102807388285
0.799148574762186
0.8769877313581379
0.8099712768356644
0.9000026228895787
0.9634734384837985
0.5830376583224813
0.9178369859720035
0.7894646317150735
0.8852204547664279
0.9366428107153079
0.9735251907881961
0.7705404315029054
0.6927173316691984
0.9327911129876506
0.9471857879691689
0.8674317269171798
0.7649032048772321
0.6277285842985537
0.9432118893532576
0.9828369398632149
0.9253443400453164
0.9466388706925728
0.672915026595967
0.742980305273737
0.9155335835594759
0.8793209717311855
0.9095369164605893
0.8241184743204478
0.7377279362157023
0.9119765891369537
0.5860800028775607
0.6103057054640925
0.9541214725979431
0.6567160911024266
0.9201428979820371
0.6700168904654031
0.9323461574922193
0.895154665864239
0.7600618650032815
0.7700772446924646
0.9638869642421197
0.5058900177368268
0.9032765017710518
0.944005066020563
0.8874854093517653
0.7937024109915455
0.9432622695667581
0.8685269840205527
0.3569354744661546
0.8673957631848456
0.6949664200507737
0.9208423154502763
0.8499123563055536
0.9141451665602975
0.9079921847531599
0.7782885435299183
0.8827190007518926
0.8092368102756684
0.9320720355365504
0.5375925297111477
0.9341439220354798
0.8487597246284361
0.5272625053108582
0.8139380863390135
0.9292232525533746
0.8320969658148198
0.2022699394658356
0.8721332058619236
0.7814854809787893
0.8958524249702579
0.5750973448451908
0.12067789699713571
0.7235911131048083
0.5901904772015207
0.9216413189081636
0.8244507120869164
0.5784083760324819
0.771747309239936
0.9736467599924579
0.9149143159085642
0.9285473787058035
0.9190159996075483
0.8636240326772222
0.2934186661906122
0.6954833733938919
0.9266566960464243
0.7788843046635476
0.8713055554391377
0.975370718281037
0.7425203190531429
0.9157181503159015
0.9007619369520105
0.9342361821504974
0.7880352466232591
0.8992370242861116
0.8765090336364882
0.7625846269785596
0.9634568619587904
0.9221391549310878
0.8358117888066202
0.836102967536415
0.5308148398203423
0.950517371961876
0.7893098748131602
0.843162888207588
0.6369219021334482
0.789744259184996
0.9543551583929551
0.3623527322535538
0.7974785430898147
0.7850109812542065
0.8121926765225999
0.9298804881662179
0.8080784896913282
0.9023664246117188
0.9267377598447121
0.7134505891082139
0.9267858009319041
0.9323897886210774
0.5637015691411893
0.7845872430483795
0.6185374109274315
0.5229609343563936
0.8251072452201045
0.7712072977698964
0.8064647062336996
0.8600246963493776
0.9236978652291852
0.7187716267836948
0.8183579570670683
0.5536646394074578
0.8561007742068784
0.9515919307756397
0.48656133117009526
0.8850245624816345
0.9271291285919646
0.7636981557234284
0.8849346226733209
0.9663755430809153
0.8978943877473418
0.7121622924762958
0.9665602970349623
0.865080068403853
0.5353866856070526
0.8773986746696684
0.9219686310911752
0.8405047475469261
0.85335285957164
0.9815571065117368
0.5944433998959785
0.5259025692264141
0.6349784378737211
0.8711069367947443
0.9102724822140071
0.8768921039610755
0.9071429917134282
0.6898949714496047
0.9113524727957242
0.8831499819762668
0.8379133606979956
0.8241807322104919
0.961041797214523
0.6778057156745042
0.5434010270636727
0.9039649854258245
0.9379246591290068
0.9003762338328288
0.6993225836047461
0.7534372599783138
0.7080367404701546
0.6796962137419054
0.7470962633211531
0.860347627391379
0.8660357760775677
0.9366163176226168
0.9358463705388966
0.95581523464657
0.9140280365568525
0.9158915338376007
0.8747479213550228
0.8356339717271902
0.8894307809995223
0.7693037556086704
0.7853959398624047
0.32029924909887764
0.9692415850761724
0.7934728711198719
0.7743006143536498
0.6662073216086666
0.8975063415801859
0.7038666234985402
0.85010661644186
0.8800191082020229
0.7568540642542501
0.3057925870070668
0.5431513339377925
0.941218500738544
0.8840948395038464
0.868237206249364
0.9339584530561371
0.907682554897614
0.8293633083558984
0.7576365849954638
0.8897820441218516
0.9602099326191472
